Player;_x;Apps_x;Mins_x;Goals_x;Assists_x;Yel;Red;SpG_x;PS%_x;AerialsWon;MotM;Rating_x;_y;Apps_y;Mins_y;Tackles;Inter;Fouls;Offsides;Clear;Drb_x;Blocks;OwnG;Rating_y;_x;Apps_x;Mins_x;Goals_y;Assists_y;SpG_y;KeyP_x;Drb_y;Fouled;Off;Disp;UnsTch;Rating_x;_y;Apps_y;Mins_y;Assists;KeyP_y;AvgP;PS%_y;Crosses;LongB;ThrB;Rating_y
"1
Jude Bellingham
Real Madrid, 20, M(CLR)";;21;1786;16;3;5;-;2.4;89.6;1.1;6;7.88;;21;1786;1.4;0.9;1.2;-;0.5;0.7;0.2;-;7.88;;21;1786;16;3;2.4;1.8;1.8;2.9;0.1;1.5;2.1;7.88;;21;1786;3;1.8;52.7;89.6;0.1;1.6;0.3;7.88
"2
Vinícius Júnior
Real Madrid, 23, AM(L),FW";;16(1);1283;7;4;2;-;2.8;78.7;0.1;3;7.42;;16(1);1283;0.8;-;1;-;-;0.4;-;-;7.42;;16(1);1283;7;4;2.8;1.2;3.2;2.1;0.4;1.5;3.3;7.42;;16(1);1283;4;1.2;24.3;78.7;0.2;1.4;0.4;7.42
"3
Isco
Real Betis, 31, M(CLR),FW";;22;1857;6;3;7;-;2.3;86;0.5;3;7.41;;22;1857;1.3;0.4;1.1;-;0.3;0.8;-;-;7.41;;22;1857;6;3;2.3;3.1;2.3;2.8;0.1;2.1;2.8;7.41;;22;1857;3;3.1;46.5;86;1.8;2.1;0.4;7.41
"4
Iñaki Williams
Athletic Club, 29, AM(CLR),FW";;22(1);1967;9;3;3;-;2.7;72.5;1;3;7.36;;22(1);1967;0.8;0.4;0.9;-;0.8;0.6;0.2;-;7.36;;22(1);1967;9;3;2.7;1.6;1.7;1.3;0.8;1.7;2.7;7.36;;22(1);1967;3;1.6;24.5;72.5;0.7;0.3;0.2;7.36
"5
Antoine Griezmann
Atletico, 32, AM(CLR),FW";;23(1);1953;11;6;3;-;2.5;83.1;0.4;4;7.35;;23(1);1953;1;0.4;0.4;-;0.6;0.9;0.1;-;7.35;;23(1);1953;11;6;2.5;1.5;0.9;0.7;0.6;0.7;1.4;7.35;;23(1);1953;6;1.5;38.7;83.1;1;1.8;0.3;7.35
"6
Takefusa Kubo
Real Sociedad, 22, AM(CLR),FW";;19(2);1689;7;3;2;-;2;81.5;0.3;2;7.30;;19(2);1689;0.9;0.4;0.7;-;0.2;0.5;0.1;-;7.30;;19(2);1689;7;3;2;2.1;2;2;0.4;1;2.4;7.30;;19(2);1689;3;2.1;25;81.5;1.3;1;0.1;7.30
"7
Gerard Moreno
Villarreal, 31, AM(CR),FW";;22(1);1809;10;2;-;-;2.4;79.7;1;4;7.23;;22(1);1809;1;0.3;0.8;-;0.9;0.5;0.3;-;7.23;;22(1);1809;10;2;2.4;1.8;1.7;1.4;0.7;1.9;1.6;7.23;;22(1);1809;2;1.8;33.6;79.7;0.2;1.9;0.2;7.23
"8
Yangel Herrera
Girona, 26, M(C)";;19(1);1522;4;-;5;-;1.9;87.9;2.6;1;7.21;;19(1);1522;2.3;0.8;2.7;-;1.7;1.1;0.3;-;7.21;;19(1);1522;4;-;1.9;0.6;0.9;2.4;0.1;1.7;1.6;7.21;;19(1);1522;-;0.6;38.7;87.9;0.3;1.5;0.1;7.21
"9
Sávio
Girona, 19, AM(CLR)";;25(1);2096;7;7;4;-;1.1;81.8;0.2;4;7.21;;25(1);2096;1.2;0.5;0.8;-;0.2;0.3;-;-;7.21;;25(1);2096;7;7;1.1;1.1;2.6;1.4;0.5;1.3;2.8;7.21;;25(1);2096;7;1.1;25;81.8;0.7;0.5;-;7.21
"10
Toni Kroos
Real Madrid, 34, M(C)";;18(7);1652;1;7;3;-;1.2;94.4;0.2;2;7.19;;18(7);1652;1.8;0.4;0.6;-;0.1;1;0.1;-;7.19;;18(7);1652;1;7;1.2;2.1;0.1;1.3;0.1;0.2;0.3;7.19;;18(7);1652;7;2.1;72.8;94.4;1.2;7.1;0.1;7.19
"11
Aleix García
Girona, 26, DMC";;25;2230;3;5;3;1;1.2;92.1;0.4;4;7.19;;25;2230;1.4;1.2;0.9;0.1;1.3;0.7;0.5;-;7.19;;25;2230;3;5;1.2;1.7;0.4;1;-;0.4;0.7;7.19;;25;2230;5;1.7;76.2;92.1;1.7;6.7;0.1;7.19
"12
Frenkie de Jong
Barcelona, 26, D(C),DMC";;18;1566;2;-;7;-;0.4;93;1.2;2;7.18;;18;1566;2.3;0.7;1;0.3;1.4;0.6;0.4;-;7.18;;18;1566;2;-;0.4;1.1;0.7;1.2;0.1;0.9;0.8;7.18;;18;1566;-;1.1;89.4;93;0.5;2.5;0.4;7.18
"13
Ilkay Gündogan
Barcelona, 33, M(C)";;23(3);2101;5;6;3;-;1.2;89.1;0.3;2;7.13;;23(3);2101;0.7;0.6;0.4;-;0.4;0.5;0.1;-;7.13;;23(3);2101;5;6;1.2;2.8;0.8;1.1;0.2;0.5;1;7.13;;23(3);2101;6;2.8;60.4;89.1;1.1;1.8;0.3;7.13
"14
Rodrygo
Real Madrid, 23, AM(CLR),FW";;21(5);1807;8;4;2;-;2.8;89.9;0.2;2;7.13;;21(5);1807;0.4;0.2;0.3;-;0.1;0.5;-;-;7.13;;21(5);1807;8;4;2.8;1.3;1.9;1.2;0.5;0.7;2.2;7.13;;21(5);1807;4;1.3;28.2;89.9;0.3;0.2;-;7.13
"15
Federico Valverde
Real Madrid, 25, M(CLR)";;24(2);2120;1;4;1;-;1.6;91.4;0.4;3;7.12;;24(2);2120;1.3;1.2;0.4;-;0.7;0.3;0.1;-;7.12;;24(2);2120;1;4;1.6;1.4;0.6;0.5;-;0.3;0.8;7.12;;24(2);2120;4;1.4;59.2;91.4;0.2;2.3;0.1;7.12
"16
Gorka Guruzeta
Athletic Club, 27, FW";;23(2);1731;10;3;2;-;2;66.5;2.5;2;7.12;;23(2);1731;1;0.6;1.4;-;0.8;0.6;-;-;7.12;;23(2);1731;10;3;2;0.8;0.5;0.8;0.3;1;2;7.12;;23(2);1731;3;0.8;18.6;66.5;0.1;0.4;-;7.12
"17
Nico Williams
Athletic Club, 21, AM(LR)";;20(2);1562;3;6;3;1;1.7;79.6;0.2;3;7.11;;20(2);1562;1;0.1;0.6;-;0.1;0.8;0.1;-;7.11;;20(2);1562;3;6;1.7;1.6;2.6;1.2;0.5;1.8;2.3;7.11;;20(2);1562;6;1.6;19.4;79.6;1.6;0.5;0.1;7.11
"18
João Cancelo
Barcelona, 29, D(LR),M(R)";;20(2);1696;2;3;4;-;1;83.5;0.7;3;7.11;;20(2);1696;2.1;0.8;1;0.4;1.2;0.6;0.3;-;7.11;;20(2);1696;2;3;1;1.2;2;1;0.2;0.7;1.7;7.11;;20(2);1696;3;1.2;49.6;83.5;0.5;2.5;0.1;7.11
"19
Robert Lewandowski
Barcelona, 35, FW";;22(2);1950;12;5;4;-;3;71.8;1.6;2;7.09;;22(2);1950;0.2;0.2;0.8;-;0.6;0.2;0.2;-;7.09;;22(2);1950;12;5;3;0.8;0.6;1.6;0.8;0.9;2.8;7.09;;22(2);1950;5;0.8;16.4;71.8;0.1;0.3;0.1;7.09
"20
Pepelu
Valencia, 25, DMC";;25;2225;4;1;2;-;1;82.1;1.8;4;7.07;;25;2225;2.3;1.1;1.6;0.1;1.7;0.9;0.3;-;7.07;;25;2225;4;1;1;1.6;0.4;0.9;-;0.6;0.4;7.07;;25;2225;1;1.6;53.4;82.1;1.2;3.9;-;7.07
"21
Ante Budimir
Osasuna, 32, FW";;23(3);1981;13;2;4;-;2.3;55.7;5.2;4;7.06;;23(3);1981;0.7;0.2;1.3;-;0.6;0.3;0.2;-;7.06;;23(3);1981;13;2;2.3;0.3;0.3;0.8;0.8;1;2.6;7.06;;23(3);1981;2;0.3;14.1;55.7;-;-;-;7.06
"22
Mikel Merino
Real Sociedad, 27, M(C)";;17(5);1585;3;3;7;-;1;77.2;4.8;3;7.04;;17(5);1585;1.8;0.4;2.2;-;1.7;0.7;0.4;-;7.04;;17(5);1585;3;3;1;0.7;0.7;1.9;0.2;1.3;2;7.04;;17(5);1585;3;0.7;37.5;77.2;0.2;1.5;-;7.04
"23
Artem Dovbyk
Girona, 26, FW";;20(4);1578;14;5;1;-;2.2;71.5;1.2;3;7.03;;20(4);1578;0.1;-;0.7;-;0.6;-;-;-;7.03;;20(4);1578;14;5;2.2;0.7;0.5;0.3;0.7;1.3;1.3;7.03;;20(4);1578;5;0.7;9.8;71.5;-;0.2;-;7.03
"24
Raphinha
Barcelona, 27, AM(LR),FW";;9(9);797;4;6;2;1;2.2;80.7;0.4;2;7.02;;9(9);797;0.6;0.3;0.6;-;0.3;0.5;-;-;7.02;;9(9);797;4;6;2.2;1.6;0.9;0.8;0.3;0.3;1.3;7.02;;9(9);797;6;1.6;20.7;80.7;1.1;1.4;0.1;7.02
"25
Lamine Yamal
Barcelona, 16, AM(R)";;13(12);1339;3;3;2;-;1.6;83.7;0.1;3;7.02;;13(12);1339;1.6;0.4;0.6;-;0.3;0.8;-;-;7.02;;13(12);1339;3;3;1.6;0.9;1.7;1.3;0.1;0.6;1.4;7.02;;13(12);1339;3;0.9;23;83.7;0.6;0.3;-;7.02
"26
Aurélien Tchouaméni
Real Madrid, 24, D(C),DMC";;16(4);1440;2;1;5;-;1;92.3;2;-;6.99;;16(4);1440;1.3;1.1;0.6;0.1;1.6;0.3;0.5;-;6.99;;16(4);1440;2;1;1;0.4;0.3;0.8;-;0.3;0.7;6.99;;16(4);1440;1;0.4;53.6;92.3;0.2;2;-;6.99
"27
Sergio Ramos
Sevilla, 37, D(CR)";;16;1438;1;-;5;1;1;89.6;2.9;1;6.99;;16;1438;1.8;1.7;1;0.2;5.1;0.6;1;1;6.99;;16;1438;1;-;1;0.1;0.3;0.9;0.4;0.4;0.3;6.99;;16;1438;-;0.1;56.4;89.6;-;5.9;-;6.99
"28
João Félix
Barcelona, 24, AM(CL),FW";;15(4);1138;5;2;3;-;2.3;83.9;0.4;2;6.98;;15(4);1138;0.9;0.4;0.8;-;0.3;0.5;0.1;-;6.98;;15(4);1138;5;2;2.3;0.7;1.2;2.3;0.4;1.2;1.8;6.98;;15(4);1138;2;0.7;22.9;83.9;0.1;0.4;0.2;6.98
"29
Vedat Muriqi
Mallorca, 29, FW";;15(3);1417;5;2;2;-;2;61.5;5.9;3;6.98;;15(3);1417;0.5;0.1;1.3;-;1.1;0.4;0.2;-;6.98;;15(3);1417;5;2;2;1.4;0.3;1.3;1.1;0.8;2.8;6.98;;15(3);1417;2;1.4;21.5;61.5;0.1;0.5;0.2;6.98
"30
Ayoze Pérez
Real Betis, 30, AM(CLR),FW";;19;1471;4;1;3;-;2.3;78.4;0.5;3;6.98;;19;1471;1.9;0.9;1.5;-;0.4;0.8;0.1;-;6.98;;19;1471;4;1;2.3;1.2;1.6;1.8;0.2;1.5;2;6.98;;19;1471;1;1.2;21.9;78.4;-;0.2;0.1;6.98
"31
Sergi Cardona
Las Palmas, 24, D(L)";;22(3);2078;-;2;8;-;0.8;82.7;1.7;2;6.97;;22(3);2078;2.8;1.5;1.6;0.5;2.8;1.2;0.2;-;6.97;;22(3);2078;-;2;0.8;1.1;0.4;1.8;0.1;0.4;1.3;6.97;;22(3);2078;2;1.1;52.3;82.7;0.4;1;0.1;6.97
"32
Dani Carvajal
Real Madrid, 32, D(R)";;18(2);1559;3;2;2;1;0.7;88.2;0.6;1;6.97;;18(2);1559;1.9;1;0.9;0.2;1.3;0.8;0.4;-;6.97;;18(2);1559;3;2;0.7;0.9;0.4;0.7;0.1;0.8;0.8;6.97;;18(2);1559;2;0.9;44.5;88.2;0.3;1.5;0.2;6.97
"33
Borja Mayoral
Getafe, 26, AM(R),FW";;24(2);2087;15;1;2;-;1.8;77.6;1.9;4;6.96;;24(2);2087;0.3;0.2;1;-;0.6;0.6;-;-;6.96;;24(2);2087;15;1;1.8;0.7;0.7;1.2;0.5;1;2.5;6.96;;24(2);2087;1;0.7;19.9;77.6;0.3;1.1;-;6.96
"34
Iago Aspas
Celta Vigo, 36, AM(CR),FW";;21(3);1799;5;5;5;1;2.4;78;0.3;2;6.95;;21(3);1799;0.2;0.3;0.5;-;0.2;0.3;0.1;-;6.95;;21(3);1799;5;5;2.4;2.7;0.9;1.6;0.3;0.9;1.4;6.95;;21(3);1799;5;2.7;29.5;78;1.5;1.2;0.2;6.95
"35
Andriy Lunin
Real Madrid, 25, GK";;14;1260;-;-;1;-;-;86.7;0.2;-;6.95;;14;1260;-;-;-;-;1.1;-;-;-;6.95;;14;1260;-;-;-;-;-;0.1;-;-;-;6.95;;14;1260;-;-;25.2;86.7;-;2.9;-;6.95
"36
Ivan Rakitic
Sevilla, 35, M(CL)";;16(2);1426;2;1;6;-;1.8;81.3;0.7;1;6.95;;16(2);1426;1.7;0.8;0.9;-;0.6;0.4;0.3;-;6.95;;16(2);1426;2;1;1.8;2.7;0.4;1.1;0.1;0.3;1.7;6.95;;16(2);1426;1;2.7;51.9;81.3;2.3;5;-;6.95
"37
Álvaro Vallés
Las Palmas, 26, GK";;26;2340;-;-;1;-;-;78;0.3;2;6.95;;26;2340;0.1;-;-;-;2;0.2;-;-;6.95;;26;2340;-;-;-;-;-;0.2;-;-;-;6.95;;26;2340;-;-;48.1;78;-;6.7;-;6.95
"38
Eduardo Camavinga
Real Madrid, 21, D(L),DMC";;13(6);1136;-;1;5;-;0.4;90.9;0.5;-;6.93;;13(6);1136;2.5;1;1.6;-;0.6;0.5;0.2;-;6.93;;13(6);1136;-;1;0.4;0.8;1.1;2.2;-;0.9;0.9;6.93;;13(6);1136;1;0.8;41;90.9;0.2;1.4;0.1;6.93
"39
Loïc Badé
Sevilla, 23, D(C)";;17(1);1448;-;1;2;1;0.7;81.6;2.9;1;6.93;;17(1);1448;2.2;1.2;0.8;0.4;4.4;0.7;0.7;-;6.93;;17(1);1448;-;1;0.7;0.3;0.3;0.3;0.1;0.1;0.4;6.93;;17(1);1448;1;0.3;45.2;81.6;-;2.8;0.1;6.93
"40
Alexander Sørloth
Villarreal, 28, AM(R),FW";;18(4);1492;9;4;3;-;2;74.5;2.2;2;6.93;;18(4);1492;0.2;-;0.9;-;0.9;0.1;0.1;-;6.93;;18(4);1492;9;4;2;1;1;0.5;0.7;1.7;3;6.93;;18(4);1492;4;1;12.8;74.5;-;0.1;-;6.93
"41
Paulo Gazzaniga
Girona, 32, GK";;26;2340;-;-;2;-;-;74.7;0.2;3;6.93;;26;2340;0.1;-;-;-;0.4;-;-;-;6.93;;26;2340;-;-;-;0.1;0.1;0.2;-;-;0.1;6.93;;26;2340;-;0.1;32.5;74.7;-;5.2;-;6.93
"42
Martín Zubimendi
Real Sociedad, 25, DMC";;23(2);2147;4;1;3;-;0.8;85.8;1.4;3;6.92;;23(2);2147;1.6;1.3;1.2;0.1;1.8;0.6;0.2;-;6.92;;23(2);2147;4;1;0.8;0.5;0.4;0.8;-;0.6;0.7;6.92;;23(2);2147;1;0.5;48.6;85.8;-;1.5;0.1;6.92
"43
Álvaro Morata
Atletico, 31, AM(L),FW";;18(5);1500;13;1;1;1;2.3;72.6;1.3;2;6.92;;18(5);1500;0.4;-;1;-;1;-;0.1;-;6.92;;18(5);1500;13;1;2.3;0.3;0.6;1.1;1.1;1.1;1.4;6.92;;18(5);1500;1;0.3;12;72.6;0.1;0.4;-;6.92
"44
Pablo Barrios
Atletico, 20, M(C)";;11(5);1051;-;1;3;-;0.6;85.6;0.6;-;6.92;;11(5);1051;2.1;1.2;0.9;0.1;0.9;1;0.1;-;6.92;;11(5);1051;-;1;0.6;0.6;1.9;1.1;-;1;1.8;6.92;;11(5);1051;1;0.6;37.7;85.6;-;1.4;0.1;6.92
"45
Aitor Ruibal
Real Betis, 27, D(R),M(LR)";;8(6);772;2;1;4;-;0.8;79.8;0.2;2;6.91;;8(6);772;2.7;0.8;1;0.4;1.4;1.6;0.1;-;6.91;;8(6);772;2;1;0.8;0.8;1.7;0.7;0.1;0.5;1.1;6.91;;8(6);772;1;0.8;24.8;79.8;0.4;1.4;-;6.91
"46
Bryan Zaragoza
Granada, 22, AM(LR)";;18(3);1640;6;2;5;-;1.6;65.6;0.2;4;6.91;;18(3);1640;0.9;0.1;0.6;-;-;0.7;-;-;6.91;;18(3);1640;6;2;1.6;1.1;2.5;1.6;0.7;0.5;2.5;6.91;;18(3);1640;2;1.1;16;65.6;1.1;0.4;0.1;6.91
"47
Viktor Tsygankov
Girona, 26, AM(CLR)";;18(3);1467;6;3;-;-;1.3;82.5;0.7;-;6.91;;18(3);1467;1;0.4;0.6;-;0.7;0.5;-;-;6.91;;18(3);1467;6;3;1.3;1;0.7;1.2;0.1;1;1.6;6.91;;18(3);1467;3;1;25.6;82.5;0.6;0.4;-;6.91
"48
Diego Rico
Getafe, 31, D(CL),M(L)";;20(1);1832;-;5;7;-;0.5;67.7;1.2;-;6.91;;20(1);1832;2.2;1.5;0.8;1;1.9;1.1;0.3;-;6.91;;20(1);1832;-;5;0.5;1.3;0.4;2;0.1;0.6;1;6.91;;20(1);1832;5;1.3;36.6;67.7;1;2.6;-;6.91
"49
Rodrigo De Paul
Atletico, 29, AM(CLR),FW";;16(7);1416;1;4;3;-;0.9;86.6;0.2;2;6.90;;16(7);1416;1.1;0.3;0.7;-;0.5;0.8;-;-;6.90;;16(7);1416;1;4;0.9;1.3;1;1.8;-;0.3;1;6.90;;16(7);1416;4;1.3;46.8;86.6;0.4;2.6;0.5;6.90
"50
Lucas Ocampos
Sevilla, 29, M(CLR),FW";;23(1);1991;3;2;5;-;2;70.7;1.9;1;6.90;;23(1);1991;1.6;0.5;1;-;0.5;0.5;-;-;6.90;;23(1);1991;3;2;2;0.9;1.6;2.2;0.3;1.8;3.1;6.90;;23(1);1991;2;0.9;26.8;70.7;0.8;1;-;6.90
"51
Germán Pezzella
Real Betis, 32, D(C)";;25;2169;1;-;4;-;0.7;85.8;2.8;2;6.90;;25;2169;1.1;1;0.7;0.9;4.8;0.5;0.6;-;6.90;;25;2169;1;-;0.7;0.2;0.1;0.4;0.2;0.2;0.6;6.90;;25;2169;-;0.2;45.3;85.8;-;1.5;-;6.90
"52
Yuri Berchiche
Athletic Club, 34, D(L),M(L)";;16(4);1429;3;1;3;-;0.6;81.4;1.6;2;6.90;;16(4);1429;1.2;0.8;1.2;0.5;2;0.5;0.3;1;6.90;;16(4);1429;3;1;0.6;0.5;0.3;1.4;-;0.4;0.6;6.90;;16(4);1429;1;0.5;38.7;81.4;0.5;1.4;-;6.90
"53
Lucas Robertone
Almeria, 26, M(C)";;20(2);1595;-;5;8;-;1.4;82;1.5;2;6.89;;20(2);1595;1.8;1.5;1.3;0.1;1;0.9;0.3;-;6.89;;20(2);1595;-;5;1.4;1.3;0.3;1.7;0.1;0.4;1;6.89;;20(2);1595;5;1.3;38.7;82;0.7;2.5;0.2;6.89
"54
Kirian Rodríguez
Las Palmas, 27, M(C)";;24(1);2137;6;1;7;-;1;89.8;0.5;5;6.89;;24(1);2137;1.4;0.7;0.6;0.1;0.7;1.3;0.1;-;6.89;;24(1);2137;6;1;1;1;0.8;1.2;-;1.2;1.6;6.89;;24(1);2137;1;1;81.1;89.8;0.2;2.4;0.3;6.89
"55
Jules Koundé
Barcelona, 25, D(CR)";;21(2);1881;1;2;-;-;0.7;91.5;2.3;2;6.89;;21(2);1881;1;0.7;0.7;0.4;2.5;0.6;0.4;-;6.89;;21(2);1881;1;2;0.7;0.6;0.4;0.3;0.1;0.3;0.8;6.89;;21(2);1881;2;0.6;70.3;91.5;0.3;3;-;6.89
"56
Pedri
Barcelona, 21, AM(CL)";;12(3);1055;2;2;3;-;0.7;86.7;-;-;6.88;;12(3);1055;1.4;0.6;0.6;-;0.3;0.9;0.1;-;6.88;;12(3);1055;2;2;0.7;1.9;0.7;1.1;0.1;0.5;1.7;6.88;;12(3);1055;2;1.9;50.8;86.7;0.3;1.9;0.2;6.88
"57
Óscar De Marcos
Athletic Club, 34, D(LR),M(CR)";;18(1);1585;1;4;3;-;0.2;82.9;0.6;2;6.87;;18(1);1585;2.4;0.5;0.9;0.3;1.1;1.1;0.2;-;6.87;;18(1);1585;1;4;0.2;0.8;0.2;0.6;0.1;0.2;0.6;6.87;;18(1);1585;4;0.8;43;82.9;1.1;2.2;-;6.87
"58
Samuel Lino
Atletico, 24, D(L),M(LR),FW";;14(8);1267;3;2;-;-;1.3;82.4;0.2;-;6.87;;14(8);1267;1.8;0.4;0.7;-;0.6;0.8;-;-;6.87;;14(8);1267;3;2;1.3;1;0.9;1.5;0.2;1.2;1.2;6.87;;14(8);1267;2;1;25.8;82.4;0.2;0.8;0.1;6.87
"59
Antonio Raíllo
Mallorca, 32, D(C)";;14(1);1213;2;-;1;1;1.1;85;4.7;1;6.86;;14(1);1213;1.1;1.1;0.9;0.1;3.4;0.3;1.1;-;6.86;;14(1);1213;2;-;1.1;0.2;-;0.5;0.1;0.1;0.3;6.86;;14(1);1213;-;0.2;39.1;85;-;1.9;-;6.86
"60
Luis Rioja
Deportivo Alaves, 30, AM(LR)";;25(1);2056;4;4;3;-;1.8;74.9;0.3;3;6.86;;25(1);2056;0.9;0.5;0.8;-;0.7;0.7;-;-;6.86;;25(1);2056;4;4;1.8;1.5;1.5;0.7;0.3;0.6;1.6;6.86;;25(1);2056;4;1.5;20.5;74.9;1.5;0.6;0.1;6.86
"61
Miguel Gutiérrez
Girona, 22, D(L),M(L)";;25;2222;1;4;3;-;1;88;0.7;-;6.85;;25;2222;0.9;0.7;0.7;0.1;1.8;0.7;0.4;-;6.85;;25;2222;1;4;1;1.1;0.9;0.6;0.2;1;1.7;6.85;;25;2222;4;1.1;44.3;88;0.9;1.2;0.2;6.85
"62
Mario Hermoso
Atletico, 28, D(CL)";;21;1852;-;1;7;-;0.7;86.9;2;1;6.85;;21;1852;1.7;1;1;0.1;3.1;0.9;0.4;-;6.85;;21;1852;-;1;0.7;0.6;0.4;0.9;-;0.4;0.8;6.85;;21;1852;1;0.6;62;86.9;0.3;4.6;-;6.85
"63
Unai Núñez
Celta Vigo, 27, D(C)";;25(1);2295;1;-;4;-;0.8;76.7;2.8;-;6.85;;25(1);2295;1.4;1.8;1;0.5;5;0.7;0.8;-;6.85;;25(1);2295;1;-;0.8;0.3;0.3;0.8;-;0.1;0.8;6.85;;25(1);2295;-;0.3;48.2;76.7;-;3.7;0.1;6.85
"64
David López
Girona, 34, D(C),DMC";;16;1265;2;-;3;-;0.6;91.8;1.4;-;6.85;;16;1265;1.5;0.9;0.6;0.3;2.5;0.2;0.8;-;6.85;;16;1265;2;-;0.6;0.2;0.3;0.8;0.1;0.1;0.6;6.85;;16;1265;-;0.2;62.8;91.8;-;1.5;-;6.85
"65
Jørgen Strand Larsen
Celta Vigo, 24, FW";;26;2071;9;2;4;-;2.2;70;2.3;1;6.84;;26;2071;0.5;0.1;1.9;-;0.5;0.8;-;-;6.84;;26;2071;9;2;2.2;0.7;1;1.3;0.7;1.4;3.3;6.84;;26;2071;2;0.7;15.9;70;0.1;0.4;-;6.84
"66
Renato Tapia
Celta Vigo, 28, D(C),DMC";;14(4);1222;-;-;3;1;1;75.9;2.2;1;6.84;;14(4);1222;2;0.9;1.2;-;2.4;0.6;0.4;-;6.84;;14(4);1222;-;-;1;0.3;1.5;1.4;0.1;0.6;1.1;6.84;;14(4);1222;-;0.3;34.1;75.9;0.1;2.8;0.1;6.84
"67
Lucas Boyé
Granada, 28, AM(L),FW";;17(1);1446;3;3;5;1;1.7;75.5;1.6;-;6.84;;17(1);1446;1.8;0.2;2.6;0.1;1.6;0.6;0.2;-;6.84;;17(1);1446;3;3;1.7;1.1;1.9;1.5;0.2;2.4;3.3;6.84;;17(1);1446;3;1.1;18.1;75.5;0.1;0.6;-;6.84
"68
Jonathan Bamba
Celta Vigo, 27, AM(CLR),FW";;17(1);1418;2;1;-;-;1.7;79.5;0.3;-;6.84;;17(1);1418;0.6;0.6;0.5;-;0.3;0.6;-;-;6.84;;17(1);1418;2;1;1.7;1.4;1.9;2.5;0.3;1.1;1.8;6.84;;17(1);1418;1;1.4;26.6;79.5;0.6;0.2;0.1;6.84
"69
Nemanja Maksimovic
Getafe, 29, M(C)";;25;2208;3;-;3;-;1;81.2;2.2;2;6.83;;25;2208;1.8;1.4;0.6;0.1;1.8;0.4;0.8;-;6.83;;25;2208;3;-;1;0.2;0.1;0.3;-;0.2;0.6;6.83;;25;2208;-;0.2;28.6;81.2;-;0.5;-;6.83
"70
Luka Modric
Real Madrid, 38, M(C)";;11(10);1033;2;4;1;-;0.7;90.5;0.2;2;6.83;;11(10);1033;0.6;0.5;0.7;-;0.2;0.3;0.1;-;6.83;;11(10);1033;2;4;0.7;1.6;0.5;0.7;0.1;0.7;0.3;6.83;;11(10);1033;4;1.6;42.2;90.5;0.6;3;0.1;6.83
"71
Álex Baena
Villarreal, 22, AM(CL),FW";;23;1751;1;8;8;1;2.2;79.3;0.3;1;6.82;;23;1751;0.8;0.3;1.7;-;0.3;0.8;0.1;-;6.82;;23;1751;1;8;2.2;2.3;0.6;1.7;0.2;1;1.9;6.82;;23;1751;8;2.3;30.4;79.3;1.7;1.9;0.3;6.82
"72
Saúl Ñíguez
Atletico, 29, D(CL),M(CLR)";;12(13);1133;-;5;6;-;0.5;82;1.6;2;6.82;;12(13);1133;2.2;0.5;1.2;-;1.6;0.6;0.4;-;6.82;;12(13);1133;-;5;0.5;0.5;0.3;0.4;0.1;0.5;0.8;6.82;;12(13);1133;5;0.5;22.5;82;0.2;0.6;0.1;6.82
"73
Daley Blind
Girona, 33, D(CL),DMC,M(L)";;22(1);1982;1;2;5;-;0.5;89.7;1.2;-;6.82;;22(1);1982;1.4;0.7;0.5;0.3;3.6;0.5;0.6;-;6.82;;22(1);1982;1;2;0.5;0.4;0.4;0.3;-;0.1;0.4;6.82;;22(1);1982;2;0.4;72.2;89.7;0.1;2.9;-;6.82
"74
Brahim Díaz
Real Madrid, 24, AM(CLR)";;10(11);910;4;1;-;-;1;86.6;-;2;6.81;;10(11);910;1;0.1;0.7;-;-;0.2;-;-;6.81;;10(11);910;4;1;1;0.8;1.4;1.3;0.2;1.1;1.3;6.81;;10(11);910;1;0.8;19.6;86.6;0.5;0.4;0.1;6.81
"75
José Gayà
Valencia, 28, D(L),M(L)";;19;1537;1;2;2;-;0.5;79;0.5;-;6.80;;19;1537;3.3;0.4;1.1;0.2;1.6;1.2;0.1;-;6.80;;19;1537;1;2;0.5;1.1;0.4;0.4;0.1;0.4;0.6;6.80;;19;1537;2;1.1;36.6;79;0.8;2;0.1;6.80
"76
Brais Méndez
Real Sociedad, 27, AM(CR),FW";;21(3);1866;3;3;6;-;2;80.7;0.8;2;6.80;;21(3);1866;1.4;0.3;1.9;-;0.6;1;0.1;-;6.80;;21(3);1866;3;3;2;1.1;0.7;1.8;0.1;1.1;1.7;6.80;;21(3);1866;3;1.1;35;80.7;0.7;1.5;0.2;6.80
"77
Juan Miranda
Real Betis, 24, D(L)";;12(2);1088;-;1;5;-;0.6;83.1;1;-;6.80;;12(2);1088;1.4;0.7;0.6;0.4;2.6;0.5;0.3;-;6.80;;12(2);1088;-;1;0.6;0.9;0.4;1.4;0.2;0.2;0.7;6.80;;12(2);1088;1;0.9;37.6;83.1;0.6;1.9;-;6.80
"78
Vicente Guaita
Celta Vigo, 37, GK";;16(1);1502;-;-;2;-;-;54.5;0.7;1;6.79;;16(1);1502;0.1;-;-;-;1.3;-;-;-;6.79;;16(1);1502;-;-;-;-;-;0.2;-;-;0.1;6.79;;16(1);1502;-;-;23.5;54.5;-;6.8;-;6.79
"79
Jan Oblak
Atletico, 31, GK";;26;2340;-;-;1;-;-;71;0.2;-;6.79;;26;2340;-;-;-;-;0.6;-;-;-;6.79;;26;2340;-;-;-;-;-;-;-;-;-;6.79;;26;2340;-;-;22;71;-;4.2;-;6.79
"80
Hugo Duro
Valencia, 24, AM(L),FW";;24(1);2084;10;2;2;-;1.9;74.7;1.7;2;6.79;;24(1);2084;0.4;0.2;1.1;-;0.6;0.6;0.1;-;6.79;;24(1);2084;10;2;1.9;0.4;0.4;2.7;0.4;1.2;2.7;6.79;;24(1);2084;2;0.4;15.2;74.7;-;0.1;-;6.79
"81
Íñigo Ruíz de Galarreta
Athletic Club, 30, DMC";;19(1);1535;1;1;4;-;0.4;81.1;1;-;6.79;;19(1);1535;1.7;0.5;2;-;0.7;1;0.1;1;6.79;;19(1);1535;1;1;0.4;0.9;0.7;1.5;-;1.2;0.9;6.79;;19(1);1535;1;0.9;41;81.1;0.8;1.9;0.1;6.79
"82
Unai Simón
Athletic Club, 26, GK";;26;2340;-;-;2;-;-;54.2;0.3;2;6.79;;26;2340;0.1;-;-;-;0.4;-;-;-;6.79;;26;2340;-;-;-;-;-;0.3;-;-;-;6.79;;26;2340;-;-;30.5;54.2;-;7.2;-;6.79
"83
Carl Starfelt
Celta Vigo, 28, D(C)";;19;1618;1;-;2;-;0.5;85.4;2.8;1;6.77;;19;1618;1.3;1.2;0.6;0.3;6.3;0.4;1.2;-;6.77;;19;1618;1;-;0.5;0.1;-;0.4;-;-;0.1;6.77;;19;1618;-;0.1;35.1;85.4;-;1.6;-;6.77
"84
Luis Milla
Getafe, 29, DMC";;13(2);1172;-;1;5;-;0.5;82;1.1;-;6.77;;13(2);1172;2.2;1.3;1.5;-;0.3;0.9;0.1;-;6.77;;13(2);1172;-;1;0.5;0.9;0.6;1.5;-;0.6;0.8;6.77;;13(2);1172;1;0.9;40.8;82;1.5;3.3;-;6.77
"85
Jorge Cuenca
Villarreal, 24, D(C)";;15(5);1470;2;-;5;-;0.8;86;2.8;1;6.77;;15(5);1470;1.5;0.9;1;0.5;4.9;0.4;0.7;-;6.77;;15(5);1470;2;-;0.8;0.1;0.2;0.5;-;0.1;0.3;6.77;;15(5);1470;-;0.1;41;86;0.2;1.5;-;6.77
"86
Mason Greenwood
Getafe, 22, AM(LR),FW";;19(3);1678;5;5;4;1;2.7;80.1;0.2;2;6.76;;19(3);1678;0.3;0.1;1.3;-;0.1;0.4;-;-;6.76;;19(3);1678;5;5;2.7;1;1.6;1;-;1.5;1.7;6.76;;19(3);1678;5;1;25.4;80.1;0.7;1.5;-;6.76
"87
Mika Mármol
Las Palmas, 22, D(C)";;24;2120;-;-;3;1;0.1;89.6;0.9;-;6.76;;24;2120;2;1.1;0.5;1.9;4.7;0.4;0.5;-;6.76;;24;2120;-;-;0.1;0.1;0.6;1;-;0.3;0.5;6.76;;24;2120;-;0.1;70.8;89.6;-;2.2;-;6.76
"88
Luiz Henrique
Real Betis, 23, AM(LR)";;6(8);612;-;3;1;-;1.3;74.6;1.1;1;6.76;;6(8);612;1.1;0.4;0.5;-;0.4;0.4;-;-;6.76;;6(8);612;-;3;1.3;0.8;1.9;1.1;-;1.2;0.9;6.76;;6(8);612;3;0.8;13.2;74.6;0.5;0.5;0.1;6.76
"89
Filip Jørgensen
Villarreal, 21, GK";;26;2340;-;-;2;-;-;76;0.4;3;6.76;;26;2340;0.1;0.1;-;-;0.9;-;-;-;6.76;;26;2340;-;-;-;-;-;0.1;-;-;0.2;6.76;;26;2340;-;-;30.7;76;-;5.2;-;6.76
"90
Diego López
Valencia, 21, AM(LR),FW";;20(3);1680;3;5;2;-;1;66;1.2;1;6.75;;20(3);1680;1.1;0.5;0.7;-;0.3;1.1;-;-;6.75;;20(3);1680;3;5;1;1.3;0.8;1;0.2;0.7;1.8;6.75;;20(3);1680;5;1.3;20.3;66;0.4;0.5;0.1;6.75
"91
Igor Zubeldia
Real Sociedad, 26, D(C),DMC";;23(1);1987;-;2;9;-;0.3;84.3;2.5;-;6.75;;23(1);1987;1.2;1.1;1.4;0.8;3.5;0.3;0.6;-;6.75;;23(1);1987;-;2;0.3;0.4;0.2;0.3;-;0.1;0.3;6.75;;23(1);1987;2;0.4;55.9;84.3;-;3;-;6.75
"92
Yan Couto
Girona, 21, D(R),M(R)";;18(6);1607;1;7;6;-;0.9;84.1;0.2;-;6.75;;18(6);1607;1.4;0.2;1;0.2;0.6;0.7;0.1;-;6.75;;18(6);1607;1;7;0.9;1;1.3;1.2;0.3;1;1.2;6.75;;18(6);1607;7;1;33.8;84.1;0.6;1;-;6.75
"93
David Alaba
Real Madrid, 31, D(CL),M(CL)";;14;1156;-;1;2;-;1;91.5;0.7;-;6.75;;14;1156;0.9;1.1;0.3;0.3;2.4;0.3;0.5;1;6.75;;14;1156;-;1;1;0.7;-;-;-;0.1;0.4;6.75;;14;1156;1;0.7;62.7;91.5;0.1;2.7;0.1;6.75
"94
Guido Rodríguez
Real Betis, 29, DMC";;13(1);1079;1;-;5;-;0.8;87.4;0.6;1;6.74;;13(1);1079;1.6;1.1;1;0.1;1.9;1.1;0.2;-;6.74;;13(1);1079;1;-;0.8;0.2;0.6;1.7;0.1;0.6;0.6;6.74;;13(1);1079;-;0.2;39.6;87.4;-;3.3;-;6.74
"95
Marc-André ter Stegen
Barcelona, 31, GK";;16;1440;-;-;2;-;-;89.6;0.2;1;6.74;;16;1440;-;-;-;-;0.6;-;-;-;6.74;;16;1440;-;-;-;-;-;0.1;-;-;-;6.74;;16;1440;-;-;31.2;89.6;-;5.8;-;6.74
"96
Samú Costa
Mallorca, 23, DMC";;20(5);1781;1;1;4;-;0.7;77.5;2;-;6.73;;20(5);1781;2.8;1.1;2;-;1.9;1.6;0.4;-;6.73;;20(5);1781;1;1;0.7;0.5;0.5;1.6;0.2;0.7;1.4;6.73;;20(5);1781;1;0.5;32;77.5;0.2;2.2;-;6.73
"97
Ronald Araújo
Barcelona, 24, D(CR)";;16(3);1518;1;-;4;-;0.8;89.3;2.5;-;6.73;;16(3);1518;1.1;0.5;1.2;1.1;2.4;0.2;0.5;-;6.73;;16(3);1518;1;-;0.8;0.2;0.4;0.5;-;0.2;0.7;6.73;;16(3);1518;-;0.2;62.4;89.3;0.1;3;0.1;6.73
"98
Joselu
Real Madrid, 33, FW";;10(15);1166;8;2;-;-;2;74.7;1.2;2;6.73;;10(15);1166;0.2;0.2;0.4;-;0.3;0.2;-;-;6.73;;10(15);1166;8;2;2;0.4;0.2;0.4;0.6;0.3;0.8;6.73;;10(15);1166;2;0.4;10.6;74.7;-;0.1;-;6.73
"99
Stefan Savic
Atletico, 33, D(C)";;14(1);1175;-;-;3;1;0.3;85.2;2.2;-;6.73;;14(1);1175;1.2;1.5;1;0.1;2.7;0.8;0.9;-;6.73;;14(1);1175;-;-;0.3;0.1;0.4;0.3;0.1;-;0.2;6.73;;14(1);1175;-;0.1;46.8;85.2;0.1;2.2;-;6.73
"100
Dani Rodríguez
Mallorca, 35, AM(CLR)";;22(3);1900;2;4;7;-;1;76.6;0.7;1;6.72;;22(3);1900;1.5;0.4;1.8;-;0.6;0.8;0.2;-;6.72;;22(3);1900;2;4;1;1.6;1;1.2;0.2;1.8;1.6;6.72;;22(3);1900;4;1.6;22.4;76.6;1.4;0.9;0.1;6.72
"101
Thierry Correia
Valencia, 24, D(R),M(R)";;17(2);1430;-;2;2;1;0.2;76.2;0.5;-;6.72;;17(2);1430;2.3;1.5;1.4;0.4;1.8;0.9;0.4;-;6.72;;17(2);1430;-;2;0.2;0.3;0.8;1.4;0.1;0.3;0.8;6.72;;17(2);1430;2;0.3;36.1;76.2;0.4;2;-;6.72
"102
Chris Ramos
Cadiz, 27, FW";;23(3);1948;5;1;2;-;2;57.5;4.8;2;6.72;;23(3);1948;0.8;0.3;1.8;-;1.4;0.7;0.2;-;6.72;;23(3);1948;5;1;2;0.4;0.5;1.5;0.3;1.5;2.7;6.72;;23(3);1948;1;0.4;13.4;57.5;0.1;0.2;-;6.72
"103
Iván Martín
Girona, 25, M(CR)";;22(3);1824;4;2;3;-;0.6;92.1;0.2;-;6.72;;22(3);1824;1.5;0.4;0.9;-;0.4;1;0.1;-;6.72;;22(3);1824;4;2;0.6;0.8;0.8;1;-;1;1.6;6.72;;22(3);1824;2;0.8;41.6;92.1;-;0.9;-;6.72
"104
Álex Remiro
Real Sociedad, 28, GK";;25;2196;-;-;2;1;-;76.1;0.2;-;6.72;;25;2196;-;-;-;-;1.2;-;-;-;6.72;;25;2196;-;-;-;-;-;0.1;-;-;0.1;6.72;;25;2196;-;-;30.9;76.1;-;6.5;-;6.72
"105
Ander Herrera
Athletic Club, 34, M(C)";;8(9);782;-;2;2;-;0.5;85.8;0.6;-;6.72;;8(9);782;2.2;0.8;0.9;-;0.6;0.8;0.1;-;6.72;;8(9);782;-;2;0.5;0.5;0.3;0.6;-;0.4;0.2;6.72;;8(9);782;2;0.5;31.8;85.8;0.1;1.1;0.1;6.72
"106
Rui Silva
Real Betis, 30, GK";;17;1486;-;-;3;-;-;66;0.3;1;6.71;;17;1486;-;0.1;0.1;-;0.7;0.2;-;-;6.71;;17;1486;-;-;-;-;0.1;0.2;-;-;-;6.71;;17;1486;-;-;30.9;66;-;5.5;-;6.71
"107
Ángel Correa
Atletico, 28, AM(CLR),FW";;6(15);835;7;2;1;-;1.1;80.4;0.2;2;6.71;;6(15);835;0.6;-;0.2;-;-;0.4;-;-;6.71;;6(15);835;7;2;1.1;0.9;0.8;0.8;0.4;1;1.4;6.71;;6(15);835;2;0.9;13.6;80.4;0.1;0.3;-;6.71
"108
Chadi Riad
Real Betis, 20, D(C)";;13(2);1219;-;-;-;-;0.5;88;2;-;6.71;;13(2);1219;1.4;0.7;0.4;0.5;4.3;0.4;0.4;-;6.71;;13(2);1219;-;-;0.5;0.1;-;0.4;0.1;0.1;0.2;6.71;;13(2);1219;-;0.1;43.9;88;-;1.4;-;6.71
"109
Álex Suárez
Las Palmas, 30, D(CR)";;21(1);1789;1;-;5;-;0.2;86.9;1.4;2;6.71;;21(1);1789;1.8;0.6;0.9;0.5;2.7;0.1;0.5;-;6.71;;21(1);1789;1;-;0.2;0.3;0.2;1.1;-;0.4;0.5;6.71;;21(1);1789;-;0.3;45.1;86.9;0.1;2.8;-;6.71
"110
Juanlu Sánchez
Sevilla, 20, D(R)";;10(9);975;-;2;2;-;0.5;84;0.6;-;6.70;;10(9);975;2.4;0.5;0.5;-;1.1;0.8;0.3;-;6.70;;10(9);975;-;2;0.5;0.8;1.1;1.1;0.1;0.2;1.1;6.70;;10(9);975;2;0.8;23.3;84;0.6;0.5;-;6.70
"111
Oihan Sancet
Athletic Club, 23, M(C),FW";;20(4);1622;3;5;1;2;1.5;82.8;0.9;-;6.70;;20(4);1622;0.7;0.3;1.1;-;0.1;0.4;-;-;6.70;;20(4);1622;3;5;1.5;1.5;0.9;1.1;0.1;1.5;2.4;6.70;;20(4);1622;5;1.5;26.5;82.8;0.2;0.7;0.2;6.70
"112
Antonio Rüdiger
Real Madrid, 30, D(CLR)";;21(1);1886;1;-;7;-;0.6;89.5;1.6;-;6.70;;21(1);1886;0.8;0.4;0.9;0.3;2.5;0.2;0.7;-;6.70;;21(1);1886;1;-;0.6;0.2;-;0.2;-;0.1;0.1;6.70;;21(1);1886;-;0.2;55.7;89.5;0.1;2.6;-;6.70
"113
Marc Roca
Real Betis, 27, D(C),DMC";;21(1);1765;2;2;5;-;0.9;84.9;0.5;-;6.70;;21(1);1765;2;0.7;2;0.1;0.8;0.9;0.2;-;6.70;;21(1);1765;2;2;0.9;0.8;0.4;1;-;0.7;0.8;6.70;;21(1);1765;2;0.8;46.9;84.9;0.1;2.7;-;6.70
"114
Robin Le Normand
Real Sociedad, 27, D(C)";;20(1);1760;1;-;9;-;0.2;88.9;3.7;-;6.70;;20(1);1760;1;1.1;1.1;0.6;3;0.5;0.6;1;6.70;;20(1);1760;1;-;0.2;0.1;-;0.6;-;0.2;0.5;6.70;;20(1);1760;-;0.1;57.6;88.9;-;2.7;-;6.70
"115
David García
Osasuna, 30, D(C)";;24;2160;-;1;5;-;0.5;83.5;3.5;1;6.70;;24;2160;1.1;0.7;1.3;1.1;4.6;0.4;0.8;-;6.70;;24;2160;-;1;0.5;0.2;0.1;0.4;-;0.1;0.4;6.70;;24;2160;1;0.2;49.9;83.5;-;3.8;-;6.70
"116
Conan Ledesma
Cadiz, 31, GK";;23;2059;-;-;-;-;-;54.7;0.2;1;6.69;;23;2059;-;-;-;-;1.3;0.1;-;-;6.69;;23;2059;-;-;-;-;-;0.2;-;-;-;6.69;;23;2059;-;-;31.7;54.7;-;9.8;-;6.69
"117
Marcos Llorente
Atletico, 29, D(R),M(CR),FW";;19(7);1694;6;3;3;-;0.7;82.4;0.5;1;6.69;;19(7);1694;0.8;0.4;0.8;0.1;0.8;0.8;0.3;-;6.69;;19(7);1694;6;3;0.7;0.7;0.3;0.7;0.5;0.5;0.7;6.69;;19(7);1694;3;0.7;26.4;82.4;0.4;0.5;-;6.69
"118
Mikel Oyarzabal
Real Sociedad, 26, AM(CLR),FW";;14(8);1383;8;1;2;-;1.3;78.3;1;1;6.69;;14(8);1383;0.8;0.2;0.6;-;0.4;0.5;0.1;-;6.69;;14(8);1383;8;1;1.3;0.6;0.3;0.5;0.5;0.7;1.8;6.69;;14(8);1383;1;0.6;15.3;78.3;-;0.4;-;6.69
"119
Mikel Vesga
Athletic Club, 30, DMC";;14(5);1192;3;1;2;-;0.9;77.7;1.4;-;6.69;;14(5);1192;1.5;1.1;1.2;-;1.4;1.4;0.2;-;6.69;;14(5);1192;3;1;0.9;0.3;0.1;0.2;-;0.4;0.6;6.69;;14(5);1192;1;0.3;32.6;77.7;0.2;1.9;0.1;6.69
"120
Pathé Ciss
Rayo Vallecano, 29, DMC";;11(9);1103;1;-;6;-;0.9;81.8;1.9;1;6.69;;11(9);1103;1.4;1.2;0.9;0.1;1.7;0.4;0.4;-;6.69;;11(9);1103;1;-;0.9;0.4;0.7;1.1;0.1;0.6;0.6;6.69;;11(9);1103;-;0.4;28;81.8;0.1;2.1;-;6.69
"121
Sergi Darder
Mallorca, 30, M(CLR)";;15(9);1537;-;3;3;-;0.8;77.6;0.3;-;6.68;;15(9);1537;1.2;0.6;0.6;-;0.3;0.5;0.2;-;6.68;;15(9);1537;-;3;0.8;1.3;1;1.1;-;0.7;1.5;6.68;;15(9);1537;3;1.3;23.8;77.6;1.4;1.8;0.2;6.68
"122
Eric García
Girona, 23, D(C)";;18;1583;2;-;2;-;0.5;90.7;1.2;-;6.68;;18;1583;1.6;0.9;0.9;0.3;2.6;0.4;0.6;-;6.68;;18;1583;2;-;0.5;0.3;0.2;0.9;0.2;0.2;0.5;6.68;;18;1583;-;0.3;69.1;90.7;0.1;2.9;0.1;6.68
"123
Giorgi Mamardashvili
Valencia, 23, GK";;25;2250;-;-;2;-;-;46.8;0.2;2;6.68;;25;2250;0.1;-;0.1;-;0.9;-;-;-;6.68;;25;2250;-;-;-;-;-;0.1;-;-;0.1;6.68;;25;2250;-;-;24.4;46.8;-;5.2;-;6.68
"124
Lucas Vázquez
Real Madrid, 32, D(R),M(R)";;9(11);918;1;3;-;-;0.4;89;0.2;1;6.68;;9(11);918;1.1;0.4;0.9;0.2;1.2;0.3;0.1;-;6.68;;9(11);918;1;3;0.4;1;0.8;0.9;0.1;0.5;0.6;6.68;;9(11);918;3;1;30.9;89;0.3;0.5;0.1;6.68
"125
Rubén Peña
Osasuna, 32, D(LR),M(LR),FW";;19(1);1510;-;1;2;-;0.6;71;0.7;3;6.68;;19(1);1510;1.8;1.1;1.1;0.2;1.4;1.3;0.2;-;6.68;;19(1);1510;-;1;0.6;0.8;1.4;0.9;0.1;0.9;1.7;6.68;;19(1);1510;1;0.8;27.4;71;0.8;1.4;0.1;6.68
"126
Youssef En-Nesyri
Sevilla, 26, FW";;16(5);1550;7;1;3;-;2;65.2;2.4;2;6.67;;16(5);1550;0.3;0.2;0.6;-;0.5;0.1;-;-;6.67;;16(5);1550;7;1;2;0.2;0.2;0.8;0.9;0.7;1.9;6.67;;16(5);1550;1;0.2;8.5;65.2;-;-;-;6.67
"127
Axel Witsel
Atletico, 35, D(C),M(C)";;21(4);1953;1;-;3;-;0.2;92.9;1.7;1;6.67;;21(4);1953;0.8;0.3;0.6;0.3;3.2;0.2;0.8;-;6.67;;21(4);1953;1;-;0.2;0.1;0.1;0.7;-;0.2;0.5;6.67;;21(4);1953;-;0.1;54.5;92.9;-;1.8;-;6.67
"128
Sergio Arribas
Almeria, 22, AM(CR)";;19(7);1727;6;2;-;-;2;82.3;0.7;1;6.67;;19(7);1727;1.2;0.5;0.5;-;0.3;0.6;-;-;6.67;;19(7);1727;6;2;2;1.3;0.5;1.4;-;0.5;1.2;6.67;;19(7);1727;2;1.3;20.2;82.3;0.4;0.6;-;6.67
"129
Rubén Alcaraz
Cadiz, 32, DMC";;24;2061;2;-;12;-;1.3;80.6;1.5;1;6.67;;24;2061;2.5;1;2.5;0.1;1.5;1.9;0.5;-;6.67;;24;2061;2;-;1.3;0.5;0.2;2;-;0.7;0.7;6.67;;24;2061;-;0.5;39;80.6;0.2;4;-;6.67
"130
Moi Gómez
Osasuna, 29, M(CLR)";;18(1);1448;2;-;2;-;0.7;83.6;0.4;-;6.67;;18(1);1448;1.4;0.5;1.1;-;0.8;0.7;0.1;-;6.67;;18(1);1448;2;-;0.7;0.8;0.7;1.2;0.1;0.3;0.6;6.67;;18(1);1448;-;0.8;43.6;83.6;0.5;1.9;-;6.67
"131
Álvaro García
Rayo Vallecano, 31, AM(CL)";;22(1);1890;6;1;6;1;1.3;68.2;0.5;1;6.67;;22(1);1890;1;1.2;1;-;1;1;-;-;6.67;;22(1);1890;6;1;1.3;1.3;0.3;0.7;0.9;0.3;1.7;6.67;;22(1);1890;1;1.3;22.2;68.2;1;0.4;-;6.67
"132
Koke
Atletico, 32, M(CLR)";;21(2);1541;-;3;4;-;0.3;91.4;0.5;-;6.66;;21(2);1541;1.9;0.5;0.4;-;0.7;1.1;0.4;-;6.66;;21(2);1541;-;3;0.3;0.6;0.1;0.4;-;0.5;0.7;6.66;;21(2);1541;3;0.6;63;91.4;-;3.1;0.3;6.66
"133
Hamari Traoré
Real Sociedad, 32, D(R),M(R)";;19(3);1634;-;2;5;-;0.6;84.6;1;-;6.66;;19(3);1634;1.4;0.7;1;0.2;1.5;0.7;0.2;-;6.66;;19(3);1634;-;2;0.6;1;0.6;0.7;-;0.3;0.8;6.66;;19(3);1634;2;1;40.1;84.6;0.4;2.6;0.1;6.66
"134
Ferran Torres
Barcelona, 23, AM(LR),FW";;10(11);932;7;2;2;-;1.6;79.2;0.1;1;6.65;;10(11);932;0.3;0.1;0.3;-;0.2;0.4;-;-;6.65;;10(11);932;7;2;1.6;1;0.4;0.4;0.6;0.6;1.3;6.65;;10(11);932;2;1;16.3;79.2;0.2;0.5;0.1;6.65
"135
Óscar Valentín
Rayo Vallecano, 29, DMC";;23(1);2004;1;-;2;1;0.5;80.9;1.2;1;6.65;;23(1);2004;3;1;2.2;-;1.5;1.5;0.3;-;6.65;;23(1);2004;1;-;0.5;0.4;0.2;1.3;-;0.3;0.9;6.65;;23(1);2004;-;0.4;38.5;80.9;-;1.8;-;6.65
"136
Julián Araujo
Las Palmas, 22, D(R),M(R)";;10(9);1041;1;-;4;-;0.3;82.4;1.2;-;6.65;;10(9);1041;1.5;0.5;0.5;0.2;1.7;0.5;0.5;-;6.65;;10(9);1041;1;-;0.3;0.6;0.3;0.2;0.1;0.1;1.3;6.65;;10(9);1041;-;0.6;25.7;82.4;0.4;0.6;-;6.65
"137
Suso
Sevilla, 30, AM(CLR),FW";;13(8);1152;1;3;4;1;1.1;84.8;0.3;1;6.64;;13(8);1152;0.8;0.1;0.8;-;0.1;0.4;-;-;6.64;;13(8);1152;1;3;1.1;1.6;1;1.3;0.1;0.8;1.4;6.64;;13(8);1152;3;1.6;27.8;84.8;1.6;2.1;-;6.64
"138
Alberto Moleiro
Las Palmas, 20, M(L)";;11(5);918;2;3;-;-;0.9;82.3;0.1;-;6.64;;11(5);918;0.4;0.3;0.6;-;0.4;0.9;-;-;6.64;;11(5);918;2;3;0.9;1;1.6;0.5;-;0.7;2.1;6.64;;11(5);918;3;1;22.9;82.3;0.2;0.2;0.2;6.64
"139
Andreas Christensen
Barcelona, 27, D(C),DMC";;19(1);1428;-;2;3;-;0.3;95.5;1.9;-;6.64;;19(1);1428;0.7;0.7;0.6;0.3;1.7;0.3;0.3;-;6.64;;19(1);1428;-;2;0.3;0.3;0.2;0.3;-;0.4;0.1;6.64;;19(1);1428;2;0.3;61;95.5;-;1.8;-;6.64
"140
Alfonso Espino
Rayo Vallecano, 32, D(L)";;24;2041;-;1;7;-;0.6;75.2;0.4;-;6.64;;24;2041;2.3;1.5;1.5;0.3;1.5;1.7;-;1;6.64;;24;2041;-;1;0.6;1;0.9;1.4;-;0.6;1.4;6.64;;24;2041;1;1;39;75.2;0.5;1.6;0.1;6.64
"141
Willian José
Real Betis, 32, FW";;16(6);1256;7;3;-;1;1.6;78.9;1.2;1;6.64;;16(6);1256;0.3;-;0.2;-;0.6;0.1;0.1;-;6.64;;16(6);1256;7;3;1.6;0.7;0.1;0.5;0.3;0.7;1;6.64;;16(6);1256;3;0.7;15.1;78.9;-;0.6;-;6.64
"142
Alex Berenguer
Athletic Club, 28, D(LR),M(CLR),FW";;9(14);994;6;2;3;-;1;70.3;0.8;2;6.63;;9(14);994;0.6;0.1;0.6;-;0.3;0.5;-;-;6.63;;9(14);994;6;2;1;1;0.6;0.7;0.4;0.8;1;6.63;;9(14);994;2;1;12.9;70.3;1.1;0.3;0.1;6.63
"143
Gonzalo Villar
Granada, 25, DMC";;16(6);1300;1;3;6;-;0.6;83.1;1;1;6.63;;16(6);1300;1.6;0.3;1.3;-;0.9;0.5;0.4;-;6.63;;16(6);1300;1;3;0.6;0.4;0.9;2;-;0.9;0.7;6.63;;16(6);1300;3;0.4;31.8;83.1;0.2;1.4;0.2;6.63
"144
Aihen Muñoz
Real Sociedad, 26, D(L)";;11(10);1120;-;2;2;-;0.3;77.3;1.1;-;6.63;;11(10);1120;1.7;0.4;0.8;0.1;1.5;0.5;0.4;-;6.63;;11(10);1120;-;2;0.3;0.6;0.5;0.4;-;0.4;0.7;6.63;;11(10);1120;2;0.6;24.1;77.3;0.5;1;-;6.63
"145
Ander Barrenetxea
Real Sociedad, 22, M(LR)";;14(6);999;3;1;1;-;1.3;70.5;0.6;-;6.63;;14(6);999;1.1;0.3;0.9;-;0.1;0.7;0.1;-;6.63;;14(6);999;3;1;1.3;0.5;1.6;0.8;0.1;1.8;1.8;6.63;;14(6);999;1;0.5;17.8;70.5;0.2;0.5;-;6.63
"146
Álex Sola
Deportivo Alaves, 24, D(R),M(R)";;11(10);993;-;2;2;-;1.1;68.7;0.7;-;6.63;;11(10);993;1.1;0.4;0.5;-;0.4;0.3;0.1;-;6.63;;11(10);993;-;2;1.1;1;1.7;1;0.4;0.7;1.2;6.63;;11(10);993;2;1;11.1;68.7;0.9;0.2;-;6.63
"147
Isi Palazón
Rayo Vallecano, 29, AM(R)";;24(1);1925;3;1;5;-;2;74;1;-;6.63;;24(1);1925;1.2;0.6;0.9;-;1;1;-;-;6.63;;24(1);1925;3;1;2;0.8;0.7;1.9;0.3;1.8;2.4;6.63;;24(1);1925;1;0.8;28.7;74;0.6;1.4;0.1;6.63
"148
Íñigo Lekue
Athletic Club, 30, D(LR),M(LR)";;15(3);1331;-;2;4;-;0.3;78.4;0.6;-;6.62;;15(3);1331;1.6;0.4;0.7;0.5;1.6;1.2;0.1;-;6.62;;15(3);1331;-;2;0.3;0.7;0.8;0.2;-;0.4;0.6;6.62;;15(3);1331;2;0.7;35.8;78.4;0.3;1.3;0.1;6.62
"149
Dani Vivian
Athletic Club, 24, D(C)";;24;2139;-;-;5;-;0.3;83.6;0.8;-;6.62;;24;2139;1.3;0.8;1.2;0.8;3.2;0.5;0.8;-;6.62;;24;2139;-;-;0.3;0.2;0.1;0.9;-;0.1;0.8;6.62;;24;2139;-;0.2;49.7;83.6;-;3.5;-;6.62
"150
Jesús Areso
Osasuna, 24, D(R)";;18(7);1680;1;2;1;-;0.2;80.7;0.8;-;6.61;;18(7);1680;1.1;0.4;0.8;0.3;1.2;0.2;0.4;-;6.61;;18(7);1680;1;2;0.2;0.8;1.1;0.4;-;0.5;1.4;6.61;;18(7);1680;2;0.8;24;80.7;0.8;0.9;-;6.61
"151
Sandro Ramírez
Las Palmas, 28, AM(LR),FW";;12(3);1029;-;3;1;-;1.7;83.1;0.3;-;6.61;;12(3);1029;0.5;0.1;0.5;0.1;0.6;0.3;0.1;-;6.61;;12(3);1029;-;3;1.7;1.3;0.9;1.1;0.5;0.9;2.9;6.61;;12(3);1029;3;1.3;22.1;83.1;0.8;0.7;-;6.61
"152
David Soria
Getafe, 30, GK";;26;2340;-;-;3;-;-;46.2;0.2;1;6.61;;26;2340;-;-;-;-;0.8;0.1;-;-;6.61;;26;2340;-;-;-;-;-;-;-;-;0.2;6.61;;26;2340;-;-;31.1;46.2;-;10.5;-;6.61
"153
Cristhian Mosquera
Valencia, 19, D(C)";;20(3);1905;-;-;2;-;0.3;89.4;1.6;1;6.61;;20(3);1905;1.4;1;0.7;0.7;3.7;0.4;0.4;-;6.61;;20(3);1905;-;-;0.3;-;0.2;0.7;-;0.2;0.5;6.61;;20(3);1905;-;-;42.6;89.4;-;1.6;-;6.61
"154
Rubén Duarte
Deportivo Alaves, 28, D(CL)";;16(6);1435;2;-;5;-;0.6;71.3;0.8;-;6.61;;16(6);1435;1.5;0.9;1.1;0.2;2;0.3;0.2;-;6.61;;16(6);1435;2;-;0.6;0.5;0.1;1;-;0.2;0.4;6.61;;16(6);1435;-;0.5;23.3;71.3;0.8;1.9;-;6.61
"155
Saúl Coco
Las Palmas, 25, D(C)";;16(4);1479;1;-;4;-;0.8;89.7;2;1;6.61;;16(4);1479;1;0.8;0.7;1.3;4.1;0.3;0.6;-;6.61;;16(4);1479;1;-;0.8;0.1;-;0.7;-;0.3;0.3;6.61;;16(4);1479;-;0.1;45.7;89.7;-;1.6;-;6.61
"156
Matija Nastasic
Mallorca, 30, D(C)";;18(1);1627;2;-;7;-;0.3;79.4;1.4;1;6.61;;18(1);1627;1.2;1;0.9;0.5;4.1;0.3;0.8;-;6.61;;18(1);1627;2;-;0.3;0.2;-;0.4;0.1;-;0.2;6.61;;18(1);1627;-;0.2;34.7;79.4;0.1;3.1;-;6.61
"157
Santi Comesaña
Villarreal, 27, M(C)";;12(6);1046;2;-;6;-;0.7;87.4;1.3;1;6.60;;12(6);1046;1.6;0.9;1.2;0.1;0.8;0.8;0.4;-;6.60;;12(6);1046;2;-;0.7;0.3;0.4;0.9;0.1;0.6;0.8;6.60;;12(6);1046;-;0.3;28.7;87.4;-;1;0.1;6.60
"158
Óscar Mingueza
Celta Vigo, 24, D(CR),M(R)";;22(4);1983;1;2;2;-;0.8;77.5;0.5;1;6.60;;22(4);1983;1.5;0.5;0.5;0.2;0.8;1.3;0.2;-;6.60;;22(4);1983;1;2;0.8;1.3;0.7;1.3;-;0.6;0.7;6.60;;22(4);1983;2;1.3;33.6;77.5;0.9;1.6;0.2;6.60
"159
Aitor Paredes
Athletic Club, 23, D(C)";;22(3);1953;1;-;4;-;0.5;86.1;1.8;-;6.60;;22(3);1953;0.4;0.8;1.1;0.8;2.9;0.2;0.3;-;6.60;;22(3);1953;1;-;0.5;0.1;-;0.3;-;-;0.2;6.60;;22(3);1953;-;0.1;45.1;86.1;-;2.8;-;6.60
"160
Adrià Pedrosa
Sevilla, 25, D(L),M(L)";;12(11);1388;1;4;1;-;0.6;78.2;0.4;-;6.60;;12(11);1388;1.6;0.6;0.2;0.3;1.2;0.4;0.1;-;6.60;;12(11);1388;1;4;0.6;0.8;0.5;1.3;-;0.9;1.4;6.60;;12(11);1388;4;0.8;23.2;78.2;0.7;0.9;-;6.60
"161
Ander Guevara
Deportivo Alaves, 26, DMC";;25;2205;1;-;6;-;0.6;76.4;1.4;1;6.60;;25;2205;1.8;0.4;1.5;-;1.1;0.9;0.3;-;6.60;;25;2205;1;-;0.6;0.7;0.7;1;-;0.8;0.9;6.60;;25;2205;-;0.7;45.5;76.4;0.1;2;-;6.60
"162
Manu Sánchez
Celta Vigo, 23, D(L)";;15(6);1447;-;4;2;-;0.3;76.2;0.3;-;6.59;;15(6);1447;2.1;0.7;0.9;0.3;1.9;0.9;0.1;-;6.59;;15(6);1447;-;4;0.3;0.8;0.5;0.2;-;0.5;1.1;6.59;;15(6);1447;4;0.8;24.8;76.2;0.7;0.8;-;6.59
"163
Ferland Mendy
Real Madrid, 28, D(L),M(L)";;14(2);1120;-;-;5;-;0.2;94.5;0.2;-;6.59;;14(2);1120;0.6;0.8;0.8;0.1;0.9;0.2;0.1;-;6.59;;14(2);1120;-;-;0.2;0.4;0.8;0.6;-;0.6;0.9;6.59;;14(2);1120;-;0.4;45.1;94.5;0.1;1.3;-;6.59
"164
Robert Navarro
Cadiz, 21, AM(L)";;12(4);945;-;1;-;1;0.8;77.2;0.6;1;6.59;;12(4);945;1.8;0.6;0.6;-;0.3;0.8;-;-;6.59;;12(4);945;-;1;0.8;1.3;1.6;0.9;0.2;1.1;2.4;6.59;;12(4);945;1;1.3;16.7;77.2;1.1;0.2;-;6.59
"165
Gastón Álvarez
Getafe, 23, D(CL)";;20(3);1777;1;-;5;-;0.5;74;1.5;-;6.59;;20(3);1777;2;1.3;1.1;0.6;2.6;0.5;0.4;-;6.59;;20(3);1777;1;-;0.5;0.1;0.1;0.3;-;0.2;0.9;6.59;;20(3);1777;-;0.1;26.3;74;0.1;2;-;6.59
"166
Andoni Gorosabel
Deportivo Alaves, 27, D(R)";;24(1);2137;-;-;5;-;0.4;81.8;0.8;1;6.59;;24(1);2137;1.6;0.7;0.9;0.2;2.2;1.2;0.2;-;6.59;;24(1);2137;-;-;0.4;0.4;0.7;1;-;0.7;0.9;6.59;;24(1);2137;-;0.4;29.2;81.8;0.4;0.8;-;6.59
"167
Johan Mojica
Osasuna, 31, D(L),M(L)";;14(4);1252;-;2;1;-;0.7;76.8;0.5;-;6.59;;14(4);1252;1.2;1;0.9;0.3;1.1;0.3;0.1;-;6.59;;14(4);1252;-;2;0.7;0.9;0.4;0.4;-;0.3;1.7;6.59;;14(4);1252;2;0.9;31.9;76.8;1.2;1.8;0.1;6.59
"168
Dion Lopy
Almeria, 22, DMC";;19(5);1609;-;-;3;-;0.7;84.1;1;1;6.59;;19(5);1609;2.2;0.5;0.8;-;0.8;0.8;0.2;-;6.59;;19(5);1609;-;-;0.7;0.5;1.2;1.4;-;0.6;0.8;6.59;;19(5);1609;-;0.5;30.4;84.1;0.1;2.3;-;6.59
"169
Ilias Akhomach
Villarreal, 19, AM(R)";;12(10);1123;1;2;3;-;0.9;79.6;0.2;-;6.59;;12(10);1123;1.3;0.4;1.5;-;0.2;0.2;0.1;-;6.59;;12(10);1123;1;2;0.9;0.8;1.8;1.1;0.1;1.1;1.7;6.59;;12(10);1123;2;0.8;14.9;79.6;0.3;0.3;-;6.59
"170
Nemanja Gudelj
Sevilla, 32, D(C),M(C)";;16;1378;1;-;6;-;1.2;86.6;1.9;-;6.58;;16;1378;1.1;1.2;1.4;0.3;2.9;0.8;0.4;-;6.58;;16;1378;1;-;1.2;0.3;0.1;0.5;-;0.2;0.5;6.58;;16;1378;-;0.3;54.5;86.6;0.1;2.2;-;6.58
"171
Sergio Herrera
Osasuna, 30, GK";;22;1970;-;-;2;-;-;59.6;0.3;-;6.58;;22;1970;-;-;-;-;0.9;-;-;-;6.58;;22;1970;-;-;-;-;-;0.2;-;-;0.1;6.58;;22;1970;-;-;33.5;59.6;-;9.5;-;6.58
"172
Arnau Martínez
Girona, 20, D(R)";;12(3);997;-;2;4;-;0.1;90;0.5;-;6.58;;12(3);997;1.4;0.7;0.9;0.2;2;0.9;0.3;-;6.58;;12(3);997;-;2;0.1;0.6;0.1;1.2;0.1;0.4;0.8;6.58;;12(3);997;2;0.6;38.6;90;0.3;0.5;0.1;6.58
"173
Nahuel Molina
Atletico, 25, D(R),M(R)";;15(8);1416;2;3;3;-;0.4;77.9;0.1;-;6.58;;15(8);1416;1.2;0.3;0.7;0.1;1;0.9;0.1;-;6.58;;15(8);1416;2;3;0.4;0.7;0.5;0.6;0.2;0.5;1.2;6.58;;15(8);1416;3;0.7;35;77.9;0.7;1.5;-;6.58
"174
Edgar González
Almeria, 26, D(C),DMC";;22;1815;2;-;4;1;0.5;85.1;2.5;1;6.58;;22;1815;1.5;1.2;1;0.4;4.2;0.6;0.9;-;6.58;;22;1815;2;-;0.5;0.2;0.2;0.2;0.1;0.1;0.4;6.58;;22;1815;-;0.2;43.2;85.1;-;2;-;6.58
"175
Antonio Sivera
Deportivo Alaves, 27, GK";;26;2340;-;-;2;-;-;56.3;0.2;-;6.57;;26;2340;-;-;-;-;1.1;-;-;-;6.57;;26;2340;-;-;-;0.1;-;0.1;-;-;0.1;6.57;;26;2340;-;0.1;28.3;56.3;-;8.2;-;6.57
"176
Dani Parejo
Villarreal, 34, M(C)";;19(2);1707;2;1;3;-;0.3;90.3;1;1;6.57;;19(2);1707;1.4;0.4;0.6;-;0.9;0.8;0.2;-;6.57;;19(2);1707;2;1;0.3;0.9;0.6;1.9;-;0.8;0.6;6.57;;19(2);1707;1;0.9;56.7;90.3;0.5;3.5;0.1;6.57
"177
Stole Dimitrievski
Rayo Vallecano, 30, GK";;26;2340;-;-;2;-;-;54.6;0.2;3;6.57;;26;2340;-;-;-;-;0.9;-;-;-;6.57;;26;2340;-;-;-;-;-;0.1;-;-;-;6.57;;26;2340;-;-;27.8;54.6;-;5.2;-;6.57
"178
Predrag Rajkovic
Mallorca, 28, GK";;26;2340;-;-;2;-;-;55.8;0.2;2;6.56;;26;2340;-;-;-;-;0.8;-;-;-;6.56;;26;2340;-;-;-;-;0.1;0.1;-;-;-;6.56;;26;2340;-;-;31.7;55.8;-;10.2;-;6.56
"179
Alejandro Balde
Barcelona, 20, D(LR),M(L)";;15(3);1378;-;1;1;-;0.3;88.5;0.7;-;6.56;;15(3);1378;1.1;0.3;0.5;0.3;1.1;0.2;0.1;-;6.56;;15(3);1378;-;1;0.3;0.7;1.1;1;0.2;0.9;1.8;6.56;;15(3);1378;1;0.7;37.2;88.5;0.4;0.7;-;6.56
"180
Lucas Pires
Cadiz, 22, D(L)";;12(7);1231;1;-;5;-;0.5;75.9;0.5;-;6.55;;12(7);1231;2;0.6;0.5;0.2;1.9;0.9;0.2;-;6.55;;12(7);1231;1;-;0.5;0.8;0.6;0.2;0.1;0.7;0.7;6.55;;12(7);1231;-;0.8;23.2;75.9;1;1.1;0.1;6.55
"181
Florian Lejeune
Rayo Vallecano, 32, D(C)";;26;2338;-;1;4;-;1.5;81.7;1.7;-;6.55;;26;2338;0.8;0.5;0.8;0.7;4.3;0.3;0.4;1;6.55;;26;2338;-;1;1.5;0.2;0.1;0.3;0.1;0.1;0.3;6.55;;26;2338;1;0.2;53.7;81.7;-;5.7;-;6.55
"182
César Azpilicueta
Atletico, 34, D(CLR),M(R)";;9(7);949;-;1;3;-;0.1;87;0.9;-;6.55;;9(7);949;1.3;0.8;1.4;-;1.6;0.4;0.3;-;6.55;;9(7);949;-;1;0.1;0.6;0.1;0.5;-;0.3;0.4;6.55;;9(7);949;1;0.6;40.3;87;-;0.7;-;6.55
"183
Iker Muñoz
Osasuna, 21, DMC";;11(6);1062;2;-;2;-;0.9;76.2;2.2;1;6.55;;11(6);1062;0.8;0.4;1.1;0.1;1.6;0.5;0.1;-;6.55;;11(6);1062;2;-;0.9;0.2;0.1;1.8;-;0.2;0.8;6.55;;11(6);1062;-;0.2;34.4;76.2;-;2.2;-;6.55
"184
Juan Iglesias
Getafe, 25, D(LR),M(R)";;13(6);1084;-;2;3;-;0.6;63.3;0.6;1;6.55;;13(6);1084;1.5;0.6;0.6;0.4;1.6;0.4;0.3;-;6.55;;13(6);1084;-;2;0.6;0.5;0.2;0.2;0.1;0.3;0.5;6.55;;13(6);1084;2;0.5;18.2;63.3;0.5;1.5;0.1;6.55
"185
Javi Guerra
Valencia, 20, DMC";;17(6);1592;4;1;3;1;1.1;74.9;0.4;-;6.54;;17(6);1592;1.3;0.4;1.1;-;0.9;1;0.1;-;6.54;;17(6);1592;4;1;1.1;0.5;1.3;1;-;1.5;1.7;6.54;;17(6);1592;1;0.5;24.3;74.9;-;0.9;0.1;6.54
"186
Sergio Ruiz
Granada, 29, DMC";;19(5);1574;-;1;4;-;0.3;86.3;1.2;1;6.54;;19(5);1574;2.2;0.7;1;-;1.2;1.2;0.2;-;6.54;;19(5);1574;-;1;0.3;0.2;0.6;2.1;-;0.5;0.7;6.54;;19(5);1574;1;0.2;35.5;86.3;0.1;1.2;-;6.54
"187
Iza Carcelén
Cadiz, 30, D(R)";;22(2);1921;-;-;2;-;0.3;75.3;0.9;-;6.54;;22(2);1921;1.5;0.9;0.6;0.3;2.3;0.6;0.2;-;6.54;;22(2);1921;-;-;0.3;0.5;0.4;1.3;0.1;0.4;0.6;6.54;;22(2);1921;-;0.5;26.3;75.3;0.3;1.1;-;6.54
"188
Javi López
Deportivo Alaves, 21, D(L)";;15(7);1510;-;3;2;-;0.5;72.5;1;-;6.53;;15(7);1510;0.7;0.1;0.8;0.2;1.9;0.4;0.2;-;6.53;;15(7);1510;-;3;0.5;0.5;1.4;0.7;-;0.7;1;6.53;;15(7);1510;3;0.5;23.2;72.5;0.7;1.6;-;6.53
"189
Beñat Prados
Athletic Club, 23, DMC";;7(9);713;-;-;-;-;0.3;82;0.9;-;6.53;;7(9);713;1.6;0.7;1.1;0.2;1;0.9;0.1;-;6.53;;7(9);713;-;-;0.3;0.4;0.3;1;-;0.9;0.4;6.53;;7(9);713;-;0.4;23.3;82;0.1;0.4;0.1;6.53
"190
Memphis Depay
Atletico, 30, AM(CL),FW";;6(10);604;5;1;1;-;1.7;72.3;0.2;1;6.53;;6(10);604;0.3;0.1;0.8;-;-;0.1;-;-;6.53;;6(10);604;5;1;1.7;0.5;0.8;0.6;0.4;0.9;1.8;6.53;;6(10);604;1;0.5;10.4;72.3;0.1;0.3;0.1;6.53
"191
Jon Pacheco
Real Sociedad, 23, D(C)";;8(6);820;-;1;4;-;0.1;87.9;2.5;1;6.53;;8(6);820;0.9;0.4;1.4;0.9;2.1;0.3;0.4;-;6.53;;8(6);820;-;1;0.1;0.2;0.1;0.1;-;0.1;0.4;6.53;;8(6);820;1;0.2;42.9;87.9;0.1;2;-;6.53
"192
Rafa Marín
Deportivo Alaves, 21, D(C)";;19(4);1640;-;-;4;-;0.4;83.8;1.9;-;6.52;;19(4);1640;0.7;0.8;0.9;0.1;3.8;0.3;0.6;1;6.52;;19(4);1640;-;-;0.4;0.2;0.1;0.5;-;0.1;0.3;6.52;;19(4);1640;-;0.2;28.9;83.8;-;2.8;-;6.52
"193
Sergio Akieme
Almeria, 26, D(L),M(L)";;19;1676;2;-;2;-;0.5;79.8;0.5;-;6.52;;19;1676;1.4;0.5;0.9;0.4;1.7;0.2;0.2;-;6.52;;19;1676;2;-;0.5;0.9;1.1;0.9;0.1;0.8;0.8;6.52;;19;1676;-;0.9;31.3;79.8;0.9;1.8;0.1;6.52
"194
Lucas Torró
Osasuna, 29, DMC";;15(3);1218;-;-;3;-;1.1;75.2;2.6;-;6.52;;15(3);1218;0.9;1.3;1.6;-;1.6;0.7;0.1;-;6.52;;15(3);1218;-;-;1.1;0.2;0.1;0.7;-;0.5;0.5;6.52;;15(3);1218;-;0.2;29.3;75.2;-;1;-;6.52
"195
Jon Guridi
Deportivo Alaves, 29, M(C)";;24(1);1906;-;4;1;-;1;79.6;1.3;-;6.52;;24(1);1906;1.1;0.5;0.6;-;0.6;1.1;0.1;-;6.52;;24(1);1906;-;4;1;1;0.4;0.9;0.1;0.9;1.1;6.52;;24(1);1906;4;1;23.6;79.6;0.1;0.8;0.1;6.52
"196
Juanmi Latasa
Getafe, 22, FW";;12(10);1129;2;-;3;1;1.3;51.8;5;-;6.52;;12(10);1129;0.2;0.1;2.4;-;0.7;0.4;-;-;6.52;;12(10);1129;2;-;1.3;0.5;0.2;1.1;0.2;0.5;2;6.52;;12(10);1129;-;0.5;12.8;51.8;-;0.2;-;6.52
"197
Alfonso Pedraza
Villarreal, 27, D(L),M(L)";;13(1);963;1;2;4;1;0.6;79.8;0.4;-;6.51;;13(1);963;1.6;0.8;0.9;0.3;0.9;0.6;0.4;-;6.51;;13(1);963;1;2;0.6;1.1;0.5;1.1;0.3;0.1;0.9;6.51;;13(1);963;2;1.1;26.9;79.8;0.9;0.7;0.1;6.51
"198
Samu Omorodion
Deportivo Alaves, 19, FW";;15(9);1404;8;1;4;-;2;75.5;1.5;1;6.51;;15(9);1404;0.2;-;0.8;-;0.4;0.1;-;-;6.51;;15(9);1404;8;1;2;0.6;0.7;0.9;0.4;1.2;2.7;6.51;;15(9);1404;1;0.6;9;75.5;-;0.2;-;6.51
"199
Pablo Maffeo
Mallorca, 26, D(LR),M(R)";;13(4);1124;-;2;3;1;0.5;65.5;1.4;-;6.51;;13(4);1124;1.6;0.5;1.1;0.1;0.9;0.9;0.1;-;6.51;;13(4);1124;-;2;0.5;0.5;0.9;0.9;0.2;0.7;1.8;6.51;;13(4);1124;2;0.5;18.9;65.5;0.6;1;0.1;6.51
"200
Roger Martí
Cadiz, 33, FW";;14(2);1055;2;2;2;-;1.4;65.6;0.9;2;6.51;;14(2);1055;0.6;0.4;1.6;-;0.2;0.3;0.1;-;6.51;;14(2);1055;2;2;1.4;0.6;0.1;1.4;0.4;0.9;2.3;6.51;;14(2);1055;2;0.6;14.2;65.6;-;0.3;0.1;6.51
"201
Luís Maximiano
Almeria, 25, GK";;23;2070;-;-;1;-;-;60.3;0.1;1;6.51;;23;2070;-;-;-;-;0.8;-;-;-;6.51;;23;2070;-;-;-;-;0.1;-;-;-;-;6.51;;23;2070;-;-;33;60.3;-;6;-;6.51
"202
Munir El Haddadi
Las Palmas, 28, AM(CLR),FW";;24(2);1917;2;1;3;-;1.3;80.9;0.8;-;6.51;;24(2);1917;1.2;0.3;0.7;-;0.3;0.8;-;-;6.51;;24(2);1917;2;1;1.3;0.5;0.7;1.9;0.5;1.5;1.7;6.51;;24(2);1917;1;0.5;21.2;80.9;0.2;0.7;0.1;6.51
"203
Léo Baptistão
Almeria, 31, AM(CLR),FW";;14(6);1160;4;-;5;1;1.6;61.6;1.8;-;6.51;;14(6);1160;0.8;0.3;0.8;-;0.7;0.6;0.1;-;6.51;;14(6);1160;4;-;1.6;0.6;0.3;1.2;0.4;0.6;1.2;6.51;;14(6);1160;-;0.6;15.1;61.6;0.1;0.4;-;6.51
"204
Iván Balliu
Rayo Vallecano, 32, D(R),M(R)";;22(1);1986;-;-;4;-;0.3;77.7;0.9;-;6.51;;22(1);1986;1.3;1;1;0.3;1.8;0.6;0.3;-;6.51;;22(1);1986;-;-;0.3;0.8;0.2;1;0.3;0.3;0.8;6.51;;22(1);1986;-;0.8;30.3;77.7;0.6;1.5;-;6.51
"205
Rubén García
Osasuna, 30, AM(CLR),FW";;9(10);809;2;1;-;-;0.5;70.7;1;-;6.51;;9(10);809;0.6;0.3;0.6;-;0.4;0.5;0.2;-;6.51;;9(10);809;2;1;0.5;0.9;0.3;0.9;0.2;0.6;0.6;6.51;;9(10);809;1;0.9;18.2;70.7;0.7;0.5;0.1;6.51
"206
Rodrigo Riquelme
Atletico, 23, D(L),M(CL)";;12(10);1001;2;4;1;-;1.1;81.9;0.1;-;6.51;;12(10);1001;0.8;0.3;0.3;-;0.4;1;-;-;6.51;;12(10);1001;2;4;1.1;0.7;0.9;0.7;0.3;0.5;1.4;6.51;;12(10);1001;4;0.7;17.5;81.9;0.5;0.4;-;6.51
"207
Sergi Canós
Valencia, 27, M(LR)";;8(8);658;1;1;-;-;1.2;68.5;0.5;1;6.51;;8(8);658;0.9;0.4;0.3;-;0.1;0.5;0.1;-;6.51;;8(8);658;1;1;1.2;0.3;0.4;0.4;0.1;0.5;1.4;6.51;;8(8);658;1;0.3;12.7;68.5;0.1;0.4;0.1;6.51
"208
Antonio Blanco
Deportivo Alaves, 23, DMC";;20(4);1671;-;-;-;1;0.8;78.5;0.7;-;6.51;;20(4);1671;1.9;1;0.8;-;0.8;1.5;-;-;6.51;;20(4);1671;-;-;0.8;0.6;0.5;1.2;-;0.5;0.6;6.51;;20(4);1671;-;0.6;30.4;78.5;0.2;1.8;-;6.51
"209
Cristhian Stuani
Girona, 37, AM(CLR),FW";;5(19);689;7;2;5;-;1.2;72.1;0.9;2;6.51;;5(19);689;0.5;0.2;0.9;-;0.5;0.1;0.1;-;6.51;;5(19);689;7;2;1.2;0.3;-;0.3;0.1;0.1;0.7;6.51;;5(19);689;2;0.3;4.3;72.1;-;-;-;6.51
"210
Raúl Albiol
Villarreal, 38, D(C)";;20(1);1640;-;1;4;-;0.3;85.8;2.1;-;6.51;;20(1);1640;0.8;0.6;0.8;0.7;4.3;0.4;1;-;6.51;;20(1);1640;-;1;0.3;0.1;-;0.3;-;0.1;0.3;6.51;;20(1);1640;1;0.1;47.7;85.8;-;3;-;6.51
"211
Enzo Loiodice
Las Palmas, 23, DMC";;14(11);1319;-;-;2;-;0.5;82.7;1;-;6.51;;14(11);1319;1.6;0.4;1;-;0.5;0.8;0.1;-;6.51;;14(11);1319;-;-;0.5;0.3;0.8;1.2;-;1;1.2;6.51;;14(11);1319;-;0.3;31.7;82.7;0.2;0.6;-;6.51
"212
Ignasi Miquel
Granada, 31, D(C)";;23(1);2092;1;1;5;-;0.7;83;1.8;-;6.50;;23(1);2092;1.3;1.3;1;1.3;3.8;0.5;0.3;-;6.50;;23(1);2092;1;1;0.7;0.3;0.3;0.8;-;0.1;0.5;6.50;;23(1);2092;1;0.3;46.6;83;-;2.5;-;6.50
"213
Adri Embarba
Almeria, 31, AM(CLR),FW";;19(5);1578;-;-;3;-;1.5;73.3;0.7;-;6.50;;19(5);1578;1.5;0.4;1.2;-;0.3;0.7;-;-;6.50;;19(5);1578;-;-;1.5;1.3;1.3;1.1;0.5;1;1.8;6.50;;19(5);1578;-;1.3;20.2;73.3;0.9;1;-;6.50
"214
Héctor Bellerín
Real Betis, 28, D(R),M(R)";;17(1);1407;-;-;-;1;-;80.2;0.8;-;6.50;;17(1);1407;1.6;1;0.9;0.5;1.6;1.4;0.3;1;6.50;;17(1);1407;-;-;-;0.7;0.6;0.4;0.1;0.8;1;6.50;;17(1);1407;-;0.7;35.7;80.2;0.2;1.2;-;6.50
"215
Fran García
Real Madrid, 24, D(L)";;11(7);1009;-;4;1;-;0.4;89.2;0.3;-;6.50;;11(7);1009;0.8;0.8;0.4;-;0.8;0.6;0.1;-;6.50;;11(7);1009;-;4;0.4;0.8;0.3;0.6;0.5;0.2;1.2;6.50;;11(7);1009;4;0.8;32.3;89.2;0.4;0.9;-;6.50
"216
Aridane Hernández
Rayo Vallecano, 34, D(C)";;16;1421;-;-;3;-;0.3;85.3;1.8;-;6.49;;16;1421;0.6;0.7;0.6;1.1;5.4;0.3;0.6;-;6.49;;16;1421;-;-;0.3;0.1;0.1;0.6;-;-;0.3;6.49;;16;1421;-;0.1;38.4;85.3;-;2.5;-;6.49
"217
Antonio Sánchez
Mallorca, 26, D(R),M(CR)";;16(3);1082;3;1;3;-;1.1;71.1;0.3;-;6.49;;16(3);1082;1.1;0.5;1;-;0.4;0.9;0.3;-;6.49;;16(3);1082;3;1;1.1;0.5;0.5;0.6;0.1;1;1.8;6.49;;16(3);1082;1;0.5;18.6;71.1;0.4;0.8;-;6.49
"218
Fran Pérez
Valencia, 21, AM(R)";;21(4);1645;1;3;4;-;0.6;80.1;0.1;-;6.49;;21(4);1645;1.1;0.4;1.1;-;0.1;0.9;-;-;6.49;;21(4);1645;1;3;0.6;0.6;1.4;0.8;0.3;1.5;2.1;6.49;;21(4);1645;3;0.6;16.5;80.1;0.2;0.3;0.1;6.49
"219
Kike García
Deportivo Alaves, 34, FW";;10(13);939;3;-;3;-;1.8;69.6;1.6;-;6.49;;10(13);939;0.1;-;0.7;-;0.4;0.2;0.2;-;6.49;;10(13);939;3;-;1.8;0.5;0.5;1.2;0.3;0.6;1.7;6.49;;10(13);939;-;0.5;8.4;69.6;0.1;0.3;-;6.49
"220
Martin Valjent
Mallorca, 28, D(C)";;21;1793;-;-;3;-;0.2;80.2;1.7;1;6.49;;21;1793;1.3;1.1;1;0.3;4;0.5;0.5;-;6.49;;21;1793;-;-;0.2;0.1;-;0.3;-;-;0.6;6.49;;21;1793;-;0.1;33.9;80.2;-;2.4;-;6.49
"221
Gabriel Paulista
Valencia, 33, D(CR)";;16(2);1401;-;-;4;1;0.4;86.1;1.6;-;6.49;;16(2);1401;0.6;1.3;0.6;0.8;4.3;0.3;0.4;-;6.49;;16(2);1401;-;-;0.4;0.1;-;0.2;-;0.1;0.1;6.49;;16(2);1401;-;0.1;45.1;86.1;-;3.3;0.1;6.49
"222
Abdel Abqar
Deportivo Alaves, 24, D(C)";;17;1526;-;-;6;-;0.5;73.7;1.8;-;6.49;;17;1526;1.2;0.9;1.5;0.5;4.5;0.6;0.8;1;6.49;;17;1526;-;-;0.5;0.1;0.2;1;0.1;0.1;0.5;6.49;;17;1526;-;0.1;30.6;73.7;-;3.4;-;6.49
"223
Jesús Navas
Sevilla, 38, D(R),M(R)";;16(3);1341;-;-;4;1;0.2;77.2;0.5;-;6.48;;16(3);1341;1.6;0.9;0.5;0.1;1.5;0.7;0.3;-;6.48;;16(3);1341;-;-;0.2;0.7;0.4;0.4;-;0.2;0.8;6.48;;16(3);1341;-;0.7;33.6;77.2;0.8;2.6;-;6.48
"224
Ricard Sánchez
Granada, 24, D(R)";;20(3);1801;3;-;5;-;0.4;76.4;0.8;-;6.48;;20(3);1801;1;0.4;0.9;0.3;1.5;0.4;0.1;-;6.48;;20(3);1801;3;-;0.4;0.8;0.6;0.8;0.1;0.5;1.3;6.48;;20(3);1801;-;0.8;27;76.4;0.7;1.8;0.1;6.48
"225
Giovanni González
Mallorca, 29, D(CR)";;18(6);1648;-;1;5;-;0.3;74.8;1.3;1;6.48;;18(6);1648;2.1;0.8;1;0.1;1.6;1.2;0.1;-;6.48;;18(6);1648;-;1;0.3;0.5;0.4;0.7;0.1;0.4;0.4;6.48;;18(6);1648;1;0.5;26.1;74.8;0.3;2;-;6.48
"226
Unai López
Rayo Vallecano, 28, M(CR)";;19(4);1412;1;2;5;-;0.9;85.4;0.3;1;6.48;;19(4);1412;1.2;0.3;1.7;-;0.4;1;0.1;-;6.48;;19(4);1412;1;2;0.9;0.9;0.6;0.5;-;0.7;0.8;6.48;;19(4);1412;2;0.9;36.6;85.4;0.6;2.5;-;6.48
"227
Máximo Perrone
Las Palmas, 21, DMC";;14(8);1220;-;-;5;-;0.2;90.3;0.2;-;6.47;;14(8);1220;1.7;1;1;-;0.8;0.7;0.1;-;6.47;;14(8);1220;-;-;0.2;0.4;0.4;0.4;-;0.6;0.8;6.47;;14(8);1220;-;0.4;45;90.3;-;0.9;0.1;6.47
"228
Damián Suárez
Getafe, 35, D(R),M(R)";;16(1);1307;-;2;7;1;0.2;70.8;0.5;-;6.47;;16(1);1307;2.1;0.6;1.4;0.7;1.5;1.1;0.2;-;6.47;;16(1);1307;-;2;0.2;1;0.5;0.7;-;0.4;1.1;6.47;;16(1);1307;2;1;28.2;70.8;0.9;1.9;-;6.47
"229
Darwin Machís
Cadiz, 31, AM(LR)";;10(7);746;4;-;-;1;1.2;72;0.2;-;6.47;;10(7);746;1.2;0.2;0.6;-;0.1;0.6;0.1;-;6.47;;10(7);746;4;-;1.2;0.5;0.4;0.8;0.1;0.6;1.1;6.47;;10(7);746;-;0.5;12.2;72;0.7;0.8;-;6.47
"230
Boubakary Soumaré
Sevilla, 25, DMC";;15(2);1298;-;-;6;-;0.1;90.1;0.8;-;6.47;;15(2);1298;1.3;0.9;1.5;0.1;0.7;0.3;0.2;-;6.47;;15(2);1298;-;-;0.1;0.2;0.8;1;-;0.5;1.2;6.47;;15(2);1298;-;0.2;46.1;90.1;-;1.9;-;6.47
"231
José Giménez
Atletico, 29, D(CR)";;8(8);785;-;-;4;-;0.3;84.5;1.1;-;6.47;;8(8);785;0.8;0.5;0.8;0.3;3;0.3;0.4;-;6.47;;8(8);785;-;-;0.3;0.1;0.1;0.1;-;-;0.1;6.47;;8(8);785;-;0.1;24.1;84.5;-;1.8;-;6.47
"232
Alejandro Catena
Osasuna, 29, D(C)";;19(1);1686;1;1;6;1;0.5;81.6;2.1;-;6.46;;19(1);1686;0.9;0.6;1.5;1;4.2;0.7;0.6;-;6.46;;19(1);1686;1;1;0.5;0.2;0.2;0.6;0.1;0.2;0.1;6.46;;19(1);1686;1;0.2;45;81.6;-;5.1;0.1;6.46
"233
Abner
Real Betis, 23, D(L),M(L)";;13(4);1163;-;-;3;-;0.2;81.7;0.8;-;6.46;;13(4);1163;1.2;0.6;0.7;0.2;2.3;0.8;0.2;-;6.46;;13(4);1163;-;-;0.2;0.4;0.4;0.1;0.1;0.6;0.8;6.46;;13(4);1163;-;0.4;30.2;81.7;0.1;0.9;-;6.46
"234
Fermín López
Barcelona, 20, AM(C)";;6(13);677;2;-;2;-;1.2;82.7;0.2;-;6.46;;6(13);677;1.1;0.1;1.2;0.1;0.2;0.8;-;-;6.46;;6(13);677;2;-;1.2;0.4;0.7;0.5;0.1;0.6;1.4;6.46;;6(13);677;-;0.4;15.8;82.7;0.1;0.6;-;6.46
"235
Jon Moncayola
Osasuna, 25, D(R),M(CR)";;13(9);1145;-;2;2;-;0.4;80.3;0.5;-;6.46;;13(9);1145;0.8;0.5;0.8;-;0.7;0.6;0.2;-;6.46;;13(9);1145;-;2;0.4;0.6;0.2;0.4;-;0.3;0.5;6.46;;13(9);1145;2;0.6;26.7;80.3;1;1.5;-;6.46
"236
Abdón Prats
Mallorca, 31, FW";;9(13);900;5;1;3;-;0.9;58.4;1.4;-;6.45;;9(13);900;0.1;0.1;0.7;-;0.3;0.1;-;-;6.45;;9(13);900;5;1;0.9;0.5;0.3;0.6;0.1;0.4;1.6;6.45;;9(13);900;1;0.5;8.1;58.4;-;0.2;0.1;6.45
"237
Oriol Romeu
Barcelona, 32, DMC";;10(9);739;-;1;4;-;0.5;89.8;0.7;-;6.45;;10(9);739;1.3;0.4;0.7;0.1;0.7;0.4;0.1;-;6.45;;10(9);739;-;1;0.5;0.4;0.2;0.5;-;0.4;0.4;6.45;;10(9);739;1;0.4;34.1;89.8;0.1;1.1;0.1;6.45
"238
Largie Ramazani
Almeria, 23, AM(L),FW";;14(9);1299;3;4;6;1;1.5;63.5;0.1;1;6.45;;14(9);1299;0.5;1;1.2;-;0.3;0.9;0.1;-;6.45;;14(9);1299;3;4;1.5;0.9;1;0.8;0.3;1.2;1.6;6.45;;14(9);1299;4;0.9;10.6;63.5;0.2;0.7;0.1;6.45
"239
Assane Diao
Real Betis, 18, AM(R)";;13(4);1032;2;-;4;-;1.1;77.4;0.9;-;6.45;;13(4);1032;1.1;0.4;0.7;-;0.4;0.6;0.2;-;6.45;;13(4);1032;2;-;1.1;0.5;1.1;1.3;0.1;1.9;3.5;6.45;;13(4);1032;-;0.5;14.3;77.4;0.1;0.2;-;6.45
"240
Aimar Oroz
Osasuna, 22, AM(C)";;22(4);1922;1;1;3;-;0.7;81.9;0.7;-;6.44;;22(4);1922;1.3;0.4;1.4;-;0.3;0.8;-;-;6.44;;22(4);1922;1;1;0.7;0.8;0.9;1.5;0.1;1.3;2.1;6.44;;22(4);1922;1;0.8;31.8;81.9;-;0.9;-;6.44
"241
Javi Hernández
Cadiz, 25, D(CL)";;18(1);1581;-;1;5;-;0.8;72.7;1.1;-;6.44;;18(1);1581;0.9;0.5;1.4;0.4;2.3;0.6;0.4;-;6.44;;18(1);1581;-;1;0.8;1;0.5;0.4;-;0.6;0.9;6.44;;18(1);1581;1;1;28.9;72.7;1.3;1.9;-;6.44
"242
Carlos Benavídez
Deportivo Alaves, 25, DMC";;4(15);555;1;1;2;-;0.3;67.2;1.2;-;6.44;;4(15);555;1.6;0.7;1.2;-;0.8;0.4;0.2;-;6.44;;4(15);555;1;1;0.3;0.2;0.1;0.3;0.1;0.1;0.3;6.44;;4(15);555;1;0.2;12.7;67.2;-;1;-;6.44
"243
Fali
Cadiz, 30, D(C),DMC";;23;1946;-;-;10;-;0.3;75;1.1;-;6.44;;23;1946;1.3;0.9;0.8;0.6;3.7;0.5;0.9;-;6.44;;23;1946;-;-;0.3;0.2;0.1;0.6;-;-;0.3;6.44;;23;1946;-;0.2;31;75;-;3.3;-;6.44
"244
Cyle Larin
Mallorca, 28, AM(LR),FW";;13(11);1253;2;1;6;-;2.2;66.3;2.7;-;6.43;;13(11);1253;0.6;-;0.8;-;0.5;0.1;0.2;-;6.43;;13(11);1253;2;1;2.2;0.4;0.5;0.9;1;0.9;1.7;6.43;;13(11);1253;1;0.4;8;66.3;-;-;-;6.43
"245
Myrto Uzuni
Granada, 28, AM(LR),FW";;21(4);1855;7;1;2;-;1.8;77.2;0.4;-;6.43;;21(4);1855;0.4;0.1;0.8;-;0.2;0.8;0.1;-;6.43;;21(4);1855;7;1;1.8;0.6;0.5;0.5;0.6;1.2;1.3;6.43;;21(4);1855;1;0.6;8.8;77.2;0.2;0.2;-;6.43
"246
Beñat Turrientes
Real Sociedad, 22, M(C)";;10(7);891;-;1;3;-;0.8;82.9;0.6;-;6.43;;10(7);891;0.9;0.1;1.5;-;0.6;0.6;0.2;-;6.43;;10(7);891;-;1;0.8;0.4;0.8;1.2;-;0.2;0.9;6.43;;10(7);891;1;0.4;17.6;82.9;0.1;0.7;-;6.43
"247
Djibril Sow
Sevilla, 27, M(C)";;17(5);1401;1;1;5;-;0.7;86.5;0.6;-;6.42;;17(5);1401;1.3;0.7;1.2;-;0.3;0.7;0.1;-;6.42;;17(5);1401;1;1;0.7;0.6;0.2;0.8;0.1;0.1;1;6.42;;17(5);1401;1;0.6;28.9;86.5;-;0.8;-;6.42
"248
Umar Sadiq
Real Sociedad, 27, FW";;10(13);898;2;1;3;-;1.3;72;1;-;6.42;;10(13);898;0.5;-;1.7;-;0.4;0.1;-;-;6.42;;10(13);898;2;1;1.3;0.4;1.1;0.7;0.9;1.2;1.7;6.42;;10(13);898;1;0.4;6.5;72;-;0.1;-;6.42
"249
Javi Muñoz
Las Palmas, 29, M(C)";;21(4);1869;2;2;5;-;1;83;0.2;-;6.41;;21(4);1869;1.1;0.6;1.1;0.1;0.5;0.8;0.1;-;6.41;;21(4);1869;2;2;1;0.7;0.4;0.4;-;0.8;1.4;6.41;;21(4);1869;2;0.7;35.4;83;0.2;0.8;0.1;6.41
"250
Selim Amallah
Valencia, 27, AM(CL),FW";;7(7);556;-;1;3;1;0.7;75.7;0.8;-;6.41;;7(7);556;1.2;0.7;1.3;-;0.2;0.4;-;-;6.41;;7(7);556;-;1;0.7;0.3;1.3;1.6;0.1;1.1;1.8;6.41;;7(7);556;1;0.3;10.9;75.7;-;0.4;0.1;6.41
"251
Manu Morlanes
Mallorca, 25, DMC";;11(12);1045;-;1;2;-;0.4;83.8;0.5;-;6.41;;11(12);1045;1.3;0.3;0.5;-;0.7;0.7;-;-;6.41;;11(12);1045;-;1;0.4;0.5;0.7;0.7;-;0.4;0.5;6.41;;11(12);1045;1;0.5;20.9;83.8;0.2;1;0.1;6.41
"252
Gerard Gumbau
Granada, 29, DMC";;20(3);1707;-;3;10;-;1.1;78.3;0.6;-;6.41;;20(3);1707;1.3;0.6;1.6;-;0.9;1;0.1;-;6.41;;20(3);1707;-;3;1.1;1.3;0.3;0.9;-;0.4;0.5;6.41;;20(3);1707;3;1.3;38.7;78.3;1.1;3.5;0.1;6.41
"253
Portu
Girona, 31, M(CLR),FW";;6(15);675;3;3;-;-;0.4;82.8;0.2;-;6.41;;6(15);675;0.6;-;0.5;-;0.1;0.4;-;-;6.41;;6(15);675;3;3;0.4;0.4;0.1;0.4;0.2;0.4;0.8;6.41;;6(15);675;3;0.4;7.8;82.8;0.1;-;-;6.41
"254
Chimy Ávila
Osasuna, 30, AM(LR),FW";;10(7);869;1;3;3;2;1.6;72;0.6;-;6.41;;10(7);869;0.2;0.2;0.5;-;0.4;0.5;-;-;6.41;;10(7);869;1;3;1.6;1.2;0.3;1.2;0.2;0.1;0.7;6.41;;10(7);869;3;1.2;16.4;72;1.4;1.8;0.2;6.41
"255
Marc Cardona
Las Palmas, 28, FW";;6(11);534;3;1;2;-;0.8;77.3;0.3;-;6.40;;6(11);534;0.4;0.1;0.5;-;0.4;0.4;-;-;6.40;;6(11);534;3;1;0.8;0.2;0.4;0.9;0.6;0.5;1.1;6.40;;6(11);534;1;0.2;9.6;77.3;0.1;-;-;6.40
"256
Alberto Moreno
Villarreal, 31, D(L),M(L)";;11(9);1025;1;1;-;1;0.6;82.9;0.5;-;6.40;;11(9);1025;1.1;0.8;0.9;0.3;0.9;0.8;0.1;-;6.40;;11(9);1025;1;1;0.6;0.5;0.3;0.6;0.3;0.1;0.7;6.40;;11(9);1025;1;0.5;19.9;82.9;0.4;1.7;-;6.40
"257
Djené Dakonam
Getafe, 32, D(CR),DMC";;21(2);1698;-;-;10;1;0.2;77.4;1.2;-;6.40;;21(2);1698;0.9;0.7;1.8;0.6;1.9;0.3;0.3;-;6.40;;21(2);1698;-;-;0.2;0.2;0.7;1;-;0.5;0.6;6.40;;21(2);1698;-;0.2;28.3;77.4;0.3;1.9;-;6.40
"258
Hugo Guillamón
Valencia, 24, D(C),DMC";;9(9);958;1;-;4;-;0.2;80.2;0.7;-;6.40;;9(9);958;1.1;0.4;1.4;-;1.2;0.3;0.2;-;6.40;;9(9);958;1;-;0.2;0.2;-;0.7;-;0.3;0.3;6.40;;9(9);958;-;0.2;25.8;80.2;-;2.3;0.1;6.40
"259
Étienne Capoue
Villarreal, 35, D(C),M(CL)";;13(11);1220;-;1;6;-;0.5;87;0.8;-;6.40;;13(11);1220;1;0.8;0.6;-;0.9;0.3;0.2;-;6.40;;13(11);1220;-;1;0.5;0.4;0.6;1.4;0.1;0.6;1.1;6.40;;13(11);1220;1;0.4;27.6;87;-;1.5;-;6.40
"260
Nacho
Real Madrid, 34, D(CLR)";;11(7);1066;-;-;1;2;0.2;92.5;0.9;-;6.39;;11(7);1066;0.6;0.5;0.8;0.1;1.7;0.3;0.4;-;6.39;;11(7);1066;-;-;0.2;0.2;-;0.5;0.1;-;0.3;6.39;;11(7);1066;-;0.2;41.4;92.5;0.1;1.4;-;6.39
"261
Omar Alderete
Getafe, 27, D(C)";;15(6);1271;-;1;5;1;0.7;60.6;1.8;-;6.39;;15(6);1271;0.8;0.3;0.9;0.6;3.5;0.4;0.6;-;6.39;;15(6);1271;-;1;0.7;0.4;0.2;0.4;-;0.2;0.2;6.39;;15(6);1271;1;0.4;25.1;60.6;-;3.2;-;6.39
"262
Luca de la Torre
Celta Vigo, 25, M(CLR)";;19(5);1639;1;4;1;1;0.7;82.4;0.5;-;6.38;;19(5);1639;1.4;0.4;1.5;-;0.6;0.8;0.1;-;6.38;;19(5);1639;1;4;0.7;0.6;0.4;0.7;0.2;0.9;1.4;6.38;;19(5);1639;4;0.6;24.4;82.4;-;0.1;-;6.38
"263
Abde Ezzalzouli
Real Betis, 22, AM(L)";;5(12);674;1;-;1;-;1.4;73.5;0.7;-;6.38;;5(12);674;0.6;0.2;0.4;-;0.2;0.4;-;-;6.38;;5(12);674;1;-;1.4;0.1;1.1;0.6;0.1;1.2;1.2;6.38;;5(12);674;-;0.1;13.8;73.5;0.1;0.2;0.1;6.38
"264
José Arnaiz
Osasuna, 28, AM(L),FW";;5(12);572;1;1;1;-;1.3;81.7;0.4;-;6.38;;5(12);572;0.5;0.2;0.3;-;0.1;0.7;-;-;6.38;;5(12);572;1;1;1.3;0.7;0.4;0.8;0.2;0.8;1.1;6.38;;5(12);572;1;0.7;9;81.7;0.6;0.2;-;6.38
"265
Óliver Torres
Sevilla, 29, M(CLR)";;12(9);1139;-;-;3;-;0.3;84.8;0.4;-;6.38;;12(9);1139;1.2;0.1;1;-;0.1;1.3;0.1;-;6.38;;12(9);1139;-;-;0.3;0.8;0.4;0.8;0.3;0.8;0.7;6.38;;12(9);1139;-;0.8;28.5;84.8;0.5;1.6;-;6.38
"266
Raúl de Tomás
Rayo Vallecano, 29, FW";;12(7);1009;1;2;4;-;1.5;80.9;1.1;-;6.37;;12(7);1009;0.4;0.1;1.1;-;0.3;0.2;-;-;6.37;;12(7);1009;1;2;1.5;0.3;0.9;1.2;0.4;1.2;1.9;6.37;;12(7);1009;2;0.3;10.7;80.9;-;0.7;-;6.37
"267
Jaime Mata
Getafe, 35, AM(L),FW";;15(8);1100;3;-;5;1;0.6;69;1.5;1;6.37;;15(8);1100;0.8;0.5;1.7;-;0.7;0.5;-;-;6.37;;15(8);1100;3;-;0.6;0.5;0.1;0.7;0.8;0.5;1.3;6.37;;15(8);1100;-;0.5;14.6;69;0.2;0.3;-;6.37
"268
Rodri
Real Betis, 23, AM(CLR)";;7(12);816;-;-;-;-;0.8;84.4;-;-;6.36;;7(12);816;0.7;0.4;0.2;0.1;0.1;0.5;-;-;6.36;;7(12);816;-;-;0.8;0.5;0.8;1.1;0.2;0.7;1.2;6.36;;7(12);816;-;0.5;20.9;84.4;0.3;0.7;0.1;6.36
"269
Iddrisu Baba
Almeria, 28, DMC";;13(8);1290;-;-;5;-;0.4;84;1.3;-;6.36;;13(8);1290;2;0.5;1.2;-;1.1;0.9;0.2;-;6.36;;13(8);1290;-;-;0.4;0.3;0.6;1.5;-;0.3;0.7;6.36;;13(8);1290;-;0.3;28.3;84;0.1;1.6;-;6.36
"270
Jaume Costa
Mallorca, 35, D(LR),M(L)";;14(8);1232;-;-;6;-;0.2;75.9;0.5;-;6.35;;14(8);1232;1.5;0.6;1;0.1;1;0.5;0.2;-;6.35;;14(8);1232;-;-;0.2;0.4;0.3;0.8;-;0.2;0.5;6.35;;14(8);1232;-;0.4;19.6;75.9;0.4;0.9;-;6.35
"271
Toni Lato
Mallorca, 26, D(L),M(L)";;10(9);1001;-;1;2;-;0.2;75.7;0.3;-;6.35;;10(9);1001;1.2;0.6;0.7;-;0.8;0.4;0.1;-;6.35;;10(9);1001;-;1;0.2;0.3;0.3;0.8;0.1;0.2;0.6;6.35;;10(9);1001;1;0.3;18.4;75.7;0.3;0.8;-;6.35
"272
Carlos Neva
Granada, 27, D(L),M(L)";;24;2074;-;2;3;-;0.1;76.7;0.8;-;6.35;;24;2074;1;0.5;0.5;0.5;2.5;0.8;0.4;-;6.35;;24;2074;-;2;0.1;0.6;0.2;1.3;-;0.3;0.8;6.35;;24;2074;2;0.6;34.8;76.7;0.5;1.6;-;6.35
"273
Omar Mascarell
Mallorca, 31, D(C),DMC";;11(7);975;-;-;3;1;0.2;81.2;1.4;-;6.34;;11(7);975;1.3;1.2;1.4;-;1.1;0.6;0.1;-;6.34;;11(7);975;-;-;0.2;0.1;0.3;0.6;-;0.3;0.2;6.34;;11(7);975;-;0.1;26.8;81.2;-;2.2;-;6.34
"274
Ianis Hagi
Deportivo Alaves, 25, AM(CLR)";;6(10);571;-;1;2;-;1.3;74.3;0.4;-;6.34;;6(10);571;0.6;0.1;0.4;0.1;0.2;0.4;-;-;6.34;;6(10);571;-;1;1.3;1;0.6;1;0.1;0.6;0.6;6.34;;6(10);571;1;1;10.4;74.3;0.6;0.6;0.2;6.34
"275
André Ferreira
Granada, 27, GK";;14(1);1339;-;-;1;-;-;66.3;0.5;-;6.34;;14(1);1339;-;-;0.1;-;1.2;0.1;-;-;6.34;;14(1);1339;-;-;-;-;-;0.1;-;0.1;0.1;6.34;;14(1);1339;-;-;27.3;66.3;-;5.8;-;6.34
"276
Óscar Trejo
Rayo Vallecano, 35, M(CLR),FW";;12(10);953;-;-;3;-;0.5;84.2;0.4;-;6.34;;12(10);953;1;0.2;1.4;-;0.3;0.3;-;-;6.34;;12(10);953;-;-;0.5;0.6;1;1;0.1;1.9;1.5;6.34;;12(10);953;-;0.6;22.1;84.2;0.2;0.4;-;6.34
"277
Dimitri Foulquier
Valencia, 30, D(CLR),M(R)";;10(11);1095;-;-;2;-;0.3;71.8;0.3;-;6.34;;10(11);1095;1.2;0.5;0.9;0.1;1.2;0.2;-;-;6.34;;10(11);1095;-;-;0.3;0.3;0.7;0.5;0.1;0.6;0.8;6.34;;10(11);1095;-;0.3;22.5;71.8;-;0.8;-;6.34
"278
Nahuel Tenaglia
Deportivo Alaves, 28, D(CR)";;5(10);478;1;-;2;-;0.3;73.2;0.9;-;6.34;;5(10);478;0.9;0.4;0.5;0.3;1.9;0.3;0.1;-;6.34;;5(10);478;1;-;0.3;0.2;0.1;0.3;0.1;0.1;0.2;6.34;;5(10);478;-;0.2;9.5;73.2;0.1;0.7;-;6.34
"279
Marvin Park
Las Palmas, 23, M(R)";;10(11);1120;-;2;3;-;0.5;80.7;0.5;1;6.34;;10(11);1120;1.1;0.3;1.2;0.1;0.5;0.6;0.1;-;6.34;;10(11);1120;-;2;0.5;0.4;0.8;0.7;0.1;0.7;1.6;6.34;;10(11);1120;2;0.4;19.5;80.7;0.3;0.2;-;6.34
"280
Gonzalo Escalante
Cadiz, 30, DMC";;13(5);1220;-;2;1;1;0.4;75.3;1.3;-;6.32;;13(5);1220;1.6;1.1;1.4;-;1.6;1.3;0.2;-;6.32;;13(5);1220;-;2;0.4;0.4;0.1;0.6;0.1;0.4;0.7;6.32;;13(5);1220;2;0.4;26.1;75.3;-;1.6;-;6.32
"281
Iván Alejo
Cadiz, 29, AM(R)";;20(3);1560;-;2;13;-;0.4;62.8;0.7;-;6.32;;20(3);1560;1.5;0.2;1.9;-;0.7;1.6;-;-;6.32;;20(3);1560;-;2;0.4;0.5;0.8;1.8;0.3;1.1;2.1;6.32;;20(3);1560;2;0.5;11.6;62.8;1.1;0.7;-;6.32
"282
José Luís Morales
Villarreal, 36, D(R),M(CLR),FW";;8(12);878;6;-;-;-;1;76.3;0.1;1;6.32;;8(12);878;0.3;0.3;0.2;-;0.1;0.5;-;-;6.32;;8(12);878;6;-;1;0.2;0.4;0.2;0.5;0.4;0.9;6.32;;8(12);878;-;0.2;7.8;76.3;0.1;0.3;0.1;6.32
"283
Iker Muniain
Athletic Club, 31, AM(CLR)";;3(11);391;1;-;1;-;0.8;89.1;0.1;-;6.31;;3(11);391;0.3;-;0.4;-;-;-;-;-;6.31;;3(11);391;1;-;0.8;0.5;0.6;0.5;-;0.6;0.6;6.31;;3(11);391;-;0.5;17;89.1;0.4;0.5;0.1;6.31
"284
Tasos Douvikas
Celta Vigo, 24, AM(R),FW";;4(18);591;4;-;1;-;0.7;61.7;1.2;1;6.31;;4(18);591;0.5;-;0.5;-;0.3;0.2;0.1;-;6.31;;4(18);591;4;-;0.7;0.1;0.3;1;0.1;0.6;1.2;6.31;;4(18);591;-;0.1;5.2;61.7;-;-;-;6.31
"285
Chumi
Almeria, 24, D(CR)";;18(4);1669;-;1;3;-;0.1;86.6;1.5;-;6.31;;18(4);1669;1.2;0.5;0.8;0.5;3.1;0.2;0.8;-;6.31;;18(4);1669;-;1;0.1;0.2;0.1;0.2;-;0.1;0.5;6.31;;18(4);1669;1;0.2;36.4;86.6;-;1.7;-;6.31
"286
Unai Gómez
Athletic Club, 20, Midfielder";;4(13);408;2;-;1;-;0.5;72.9;0.3;-;6.30;;4(13);408;0.5;0.1;0.3;-;0.4;0.2;-;-;6.30;;4(13);408;2;-;0.5;0.3;0.4;0.6;-;0.5;0.4;6.30;;4(13);408;-;0.3;6.3;72.9;0.1;0.2;-;6.30
"287
Juan Cruz
Osasuna, 31, D(CL)";;14(4);1315;-;1;3;-;0.1;81.3;0.9;-;6.30;;14(4);1315;1.2;0.4;0.9;0.6;1.7;0.3;0.4;-;6.30;;14(4);1315;-;1;0.1;0.3;0.1;0.2;0.1;0.1;0.4;6.30;;14(4);1315;1;0.3;33.8;81.3;0.2;1.6;-;6.30
"288
Álex Fernández
Cadiz, 31, M(CL),FW";;9(10);876;-;-;2;-;0.3;85.6;0.5;-;6.30;;9(10);876;0.5;0.6;0.2;0.1;1.2;0.3;0.2;-;6.30;;9(10);876;-;-;0.3;0.3;0.2;0.5;-;0.4;0.4;6.30;;9(10);876;-;0.3;20.8;85.6;0.4;0.8;-;6.30
"289
Arsen Zakharyan
Real Sociedad, 20, M(CLR)";;9(9);716;-;1;1;-;1.1;72.8;0.6;-;6.29;;9(9);716;0.6;0.1;0.6;-;0.2;0.3;-;-;6.29;;9(9);716;-;1;1.1;0.8;0.3;0.3;0.1;0.3;0.8;6.29;;9(9);716;1;0.8;14.5;72.8;0.8;0.6;-;6.29
"290
Sergio Camello
Rayo Vallecano, 23, FW";;13(9);1106;2;1;2;-;0.9;77.4;0.2;1;6.29;;13(9);1106;0.5;-;0.6;-;0.5;0.1;-;-;6.29;;13(9);1106;2;1;0.9;0.6;0.5;0.4;0.1;0.9;1.6;6.29;;13(9);1106;1;0.6;11.3;77.4;-;0.2;0.1;6.29
"291
Fran Beltrán
Celta Vigo, 25, DMC";;17(4);1454;-;-;2;-;0.5;83;0.3;-;6.29;;17(4);1454;1.6;0.7;0.9;0.1;0.8;1.1;-;-;6.29;;17(4);1454;-;-;0.5;0.2;0.3;0.5;-;0.4;0.8;6.29;;17(4);1454;-;0.2;32.2;83;-;1.2;-;6.29
"292
Roman Yaremchuk
Valencia, 28, FW";;6(11);567;2;-;1;-;0.7;70.4;1.1;-;6.29;;6(11);567;0.2;-;0.3;0.1;0.3;0.1;-;-;6.29;;6(11);567;2;-;0.7;0.2;0.2;0.5;0.6;0.8;0.9;6.29;;6(11);567;-;0.2;7.9;70.4;-;0.1;-;6.29
"293
Pablo Ibáñez
Osasuna, 25, M(C)";;7(15);682;1;1;4;-;1;76.8;1;1;6.29;;7(15);682;0.7;0.2;0.8;-;0.3;0.3;-;-;6.29;;7(15);682;1;1;1;0.4;0.2;0.4;-;0.3;0.5;6.29;;7(15);682;1;0.4;12;76.8;0.1;0.2;-;6.29
"294
Raúl Torrente
Granada, 22, D(C)";;11(3);1034;-;-;3;-;0.2;79.7;1.2;-;6.27;;11(3);1034;1.7;0.6;1;0.6;3.6;0.3;0.6;1;6.27;;11(3);1034;-;-;0.2;0.2;-;0.5;0.1;0.1;-;6.27;;11(3);1034;-;0.2;45.5;79.7;-;3.4;-;6.27
"295
Abde Rebbach
Deportivo Alaves, 25, AM(L)";;6(12);610;1;-;1;-;0.8;65;0.3;-;6.27;;6(12);610;0.4;0.2;0.6;-;0.3;0.5;0.1;-;6.27;;6(12);610;1;-;0.8;0.8;0.4;0.4;0.1;0.7;1.2;6.27;;6(12);610;-;0.8;6.8;65;0.6;0.2;-;6.27
"296
Rafa Mir
Sevilla, 26, FW";;3(12);384;2;-;1;-;1;70.6;0.8;-;6.26;;3(12);384;0.1;0.1;0.6;-;0.1;0.1;-;-;6.26;;3(12);384;2;-;1;0.3;0.1;0.3;0.2;0.2;0.6;6.26;;3(12);384;-;0.3;5.7;70.6;0.1;0.1;-;6.26
"297
Carles Aleñá
Getafe, 26, AM(CLR)";;9(13);788;1;1;4;-;0.6;79.5;0.5;-;6.25;;9(13);788;0.7;0.1;0.6;-;0.4;0.5;0.1;-;6.25;;9(13);788;1;1;0.6;0.6;0.1;0.6;0.1;0.7;1;6.25;;9(13);788;1;0.6;12;79.5;0.4;0.6;-;6.25
"298
Raúl García
Osasuna, 23, FW";;7(16);744;3;-;3;-;0.8;61.1;1.3;-;6.24;;7(16);744;0.3;0.1;0.4;-;0.4;0.2;-;-;6.24;;7(16);744;3;-;0.8;0.3;0.2;0.4;0.3;0.5;1;6.24;;7(16);744;-;0.3;7.6;61.1;-;0.2;-;6.24
"299
Valery Fernández
Girona, 24, D(R),M(L)";;2(19);438;2;-;1;-;0.2;89.2;0.1;-;6.24;;2(19);438;0.4;-;0.2;-;0.1;0.1;-;-;6.24;;2(19);438;2;-;0.2;0.2;0.3;0.6;0.1;0.3;0.7;6.24;;2(19);438;-;0.2;8;89.2;0.1;-;-;6.24
"300
José Ángel Carmona
Getafe, 22, D(CR),M(R)";;8(10);678;1;1;5;-;0.4;73.6;0.6;-;6.24;;8(10);678;0.7;0.4;1.2;0.2;0.4;0.6;0.1;-;6.24;;8(10);678;1;1;0.4;0.4;0.2;0.6;0.2;0.5;1.1;6.24;;8(10);678;1;0.4;10.9;73.6;0.2;0.2;-;6.24
"301
Bebé
Rayo Vallecano, 33, AM(LR),FW";;0(14);128;2;-;1;-;0.8;66;0.1;-;6.24;;0(14);128;0.1;-;-;-;-;0.2;-;-;6.24;;0(14);128;2;-;0.8;0.1;0.6;0.1;0.2;0.1;0.5;6.24;;0(14);128;-;0.1;3.4;66;0.3;0.4;-;6.24
"302
Rubén Sobrino
Cadiz, 31, AM(CLR),FW";;9(12);940;-;-;6;1;0.5;75.3;0.8;-;6.23;;9(12);940;1.4;0.5;1.2;-;0.3;0.8;-;-;6.23;;9(12);940;-;-;0.5;0.5;0.4;1.1;0.2;0.8;1.1;6.23;;9(12);940;-;0.5;14.2;75.3;0.1;0.2;-;6.23
"303
Kike Pérez
Rayo Vallecano, 27, M(C)";;8(12);751;1;-;7;-;0.7;78.7;0.6;-;6.23;;8(12);751;1.2;0.4;2;-;0.3;0.5;-;-;6.23;;8(12);751;1;-;0.7;0.3;0.3;1.6;-;0.8;1.3;6.23;;8(12);751;-;0.3;15.3;78.7;0.1;1;0.1;6.23
"304
Pablo Torre
Girona, 20, Midfielder";;3(15);500;-;2;-;-;0.6;84.8;-;-;6.21;;3(15);500;0.2;0.2;0.3;-;0.2;0.3;0.1;-;6.21;;3(15);500;-;2;0.6;0.6;0.2;0.8;-;0.4;0.6;6.21;;3(15);500;2;0.6;17.5;84.8;-;0.8;0.3;6.21
"305
Jorge de Frutos
Rayo Vallecano, 27, AM(LR)";;5(19);745;1;-;-;-;0.5;74.2;0.3;-;6.20;;5(19);745;0.2;0.2;0.4;-;0.2;0.3;-;-;6.20;;5(19);745;1;-;0.5;0.3;0.3;0.7;0.1;0.3;0.8;6.20;;5(19);745;-;0.3;9;74.2;0.5;0.1;-;6.20
"306
Maxi Gómez
Cadiz, 27, FW";;8(13);811;-;-;2;-;0.5;55.3;2.2;-;6.20;;8(13);811;0.1;0.1;0.5;-;0.1;-;0.1;-;6.20;;8(13);811;-;-;0.5;0.4;0.2;1.1;0.4;0.5;1;6.20;;8(13);811;-;0.4;7.2;55.3;-;0.2;-;6.20
"307
José Callejón
Granada, 37, M(LR),FW";;7(12);634;-;1;-;-;0.5;81.4;0.4;-;6.19;;7(12);634;0.5;0.1;0.5;0.1;0.5;0.5;0.1;-;6.19;;7(12);634;-;1;0.5;0.5;0.1;0.9;0.1;0.3;0.5;6.19;;7(12);634;1;0.5;12.5;81.4;0.4;0.9;-;6.19
"308
Sory Kaba
Las Palmas, 28, FW";;7(7);595;1;1;2;-;0.9;70.9;1.9;-;6.19;;7(7);595;0.1;-;0.9;-;0.6;0.4;-;-;6.19;;7(7);595;1;1;0.9;0.3;0.8;1;0.6;0.7;3.1;6.19;;7(7);595;1;0.3;9.6;70.9;-;0.3;-;6.19
"309
Amath Ndiaye
Mallorca, 27, AM(LR),FW";;3(12);389;-;-;2;-;0.8;70.2;0.4;-;6.19;;3(12);389;0.6;0.2;0.7;-;0.3;0.5;-;-;6.19;;3(12);389;-;-;0.8;0.2;0.5;0.5;0.3;0.5;1.5;6.19;;3(12);389;-;0.2;6.9;70.2;0.1;0.3;-;6.19
"310
Sergi Guardiola
Cadiz, 32, FW";;1(14);336;-;1;1;-;0.5;73.3;0.3;-;6.19;;1(14);336;0.4;-;0.9;-;0.3;0.1;-;-;6.19;;1(14);336;-;1;0.5;0.2;0.4;1;0.2;0.3;0.3;6.19;;1(14);336;1;0.2;8.7;73.3;0.1;0.3;-;6.19
"311
Kike Barja
Osasuna, 26, AM(LR)";;2(13);280;-;-;3;-;0.3;86.4;0.2;-;6.18;;2(13);280;0.4;0.1;0.5;-;0.1;0.3;0.1;-;6.18;;2(13);280;-;-;0.3;0.3;0.7;0.3;0.1;0.4;1.1;6.18;;2(13);280;-;0.3;5.9;86.4;0.3;0.2;-;6.18
"312
Ramon Terrats
Villarreal, 23, DMC";;5(9);617;-;1;3;-;0.5;84.5;0.3;-;6.18;;5(9);617;0.6;0.2;0.9;0.1;0.1;0.5;-;-;6.18;;5(9);617;-;1;0.5;0.3;0.6;0.9;-;0.8;0.6;6.18;;5(9);617;1;0.3;20.3;84.5;0.1;0.6;0.1;6.18
"313
Óscar Melendo
Granada, 26, AM(CLR),FW";;13(6);971;-;-;2;-;0.3;82.6;0.3;-;6.18;;13(6);971;0.7;0.3;0.6;0.1;0.1;0.4;-;-;6.18;;13(6);971;-;-;0.3;0.5;0.5;1.6;0.1;0.4;0.9;6.18;;13(6);971;-;0.5;18.4;82.6;0.2;0.7;0.1;6.18
"314
Gonzalo Melero
Almeria, 30, M(C),FW";;9(13);928;-;1;3;-;0.5;83;0.5;-;6.17;;9(13);928;0.5;0.2;0.9;-;0.4;0.4;0.1;-;6.17;;9(13);928;-;1;0.5;0.4;0.3;0.7;-;0.5;1;6.17;;9(13);928;1;0.4;16.8;83;-;0.3;-;6.17
"315
Álex Pozo
Almeria, 25, D(R),M(R)";;8(9);842;-;-;3;-;0.2;77.1;0.2;-;6.16;;8(9);842;1;0.3;0.8;0.1;0.8;0.5;0.2;-;6.16;;8(9);842;-;-;0.2;0.8;0.1;0.4;-;0.2;0.8;6.16;;8(9);842;-;0.8;22.6;77.1;0.6;1.2;-;6.16
"316
Javi Llabrés
Mallorca, 21, Forward";;0(14);161;1;-;1;-;0.4;76.9;0.1;-;6.16;;0(14);161;0.1;0.1;0.4;-;0.1;-;-;-;6.16;;0(14);161;1;-;0.4;0.3;0.3;-;-;0.4;0.7;6.16;;0(14);161;-;0.3;3.7;76.9;0.3;0.1;-;6.16
"317
Carlos Dotor
Celta Vigo, 22, M(C)";;7(9);688;-;-;2;-;0.3;84.3;0.4;-;6.16;;7(9);688;0.9;0.3;0.9;-;0.1;0.6;0.1;-;6.16;;7(9);688;-;-;0.3;0.1;0.2;0.6;-;0.6;0.8;6.16;;7(9);688;-;0.1;20.3;84.3;0.1;0.6;0.1;6.16
"318
Antonio Puertas
Granada, 32, M(LR)";;6(17);615;-;2;2;1;0.7;77.3;0.5;-;6.16;;6(17);615;0.4;0.2;0.8;-;0.2;0.3;-;-;6.16;;6(17);615;-;2;0.7;0.4;0.7;0.3;0.2;0.4;0.7;6.16;;6(17);615;2;0.4;7.1;77.3;0.1;0.3;-;6.16
"319
Radamel Falcao
Rayo Vallecano, 38, FW";;0(14);193;1;-;2;-;0.5;77.8;0.7;-;6.16;;0(14);193;0.3;0.1;0.6;-;0.2;0.1;-;-;6.16;;0(14);193;1;-;0.5;0.1;0.1;0.4;0.4;0.4;0.2;6.16;;0(14);193;-;0.1;3.9;77.8;-;0.1;0.1;6.16
"320
Lázaro
Almeria, 21, AM(LR),FW";;2(12);278;-;-;-;-;0.6;77.4;0.3;-;6.06;;2(12);278;0.3;0.1;0.2;-;0.1;0.4;-;-;6.06;;2(12);278;-;-;0.6;0.4;0.4;0.5;0.1;0.4;0.8;6.06;;2(12);278;-;0.4;6;77.4;0.1;0.4;-;6.06
"321
Ben Brereton
Villarreal, 24, AM(LR),FW";;2(12);261;-;-;2;-;0.4;78.3;0.1;-;6.04;;2(12);261;0.1;-;0.4;-;-;0.1;-;-;6.04;;2(12);261;-;-;0.4;0.1;0.1;0.3;0.1;0.4;0.4;6.04;;2(12);261;-;0.1;4.9;78.3;-;0.1;0.1;6.04
